629,224,108,81,409,477,459,619,59,904,629,87,619,354,609,624,224,59,354,36,402,477,477,195,273,774,40,95,805,448,48,331,633,436,912,515,956,134,244,44,578,815,11,214,372,556,330,653,908,372,134,157,926,164,572,683,221,888,457,286,782,891,549,288,123,886,153,223,796,64,502,124,615,630,120,517,35,281,361,324,503,519,793,336,317,592,228,739,199,163,313,254,778,136,718,660,838,444,625,162,592,280,872,479,908,305,780,615,628,421,497,469,21,672,548,190,451,371,410,118,163,778,75,757,43,626,536,856,367,312,824,293,867,719,145,8,421,43,540,324,330,255,642,499,460,173,139,517,23,278,196,802,945,751,776,561,824,690,626,376,651,496,215,302,646,447,814,602,467,542,316,209,126,838,352,322,693,50,160,653,823,727,274,361,28,891,514,469,90,501,101,140,861,520,837,116,407,692,103,115,949,120,192,625,289,492,92,241,487,898,119,859,501,806,739,11,137,646,959,336,704,462,536,490,809,925,822,775,163,610,735,485,1,856,216,949,344,954,8,195,70,916,471,425,405,515,420,186,154,62,810,180,322,490,370,195,687,807,173,755,724,48,515,580,301,395,86,707,253,293,263,601,822,37,518,882,289,375,920,418,909,332,558,914,423,30,431,867,177,95,61,588,191,829,495,474,528,6,107,281,132,507,686,842,138,124,61,607,482,748,372,665,30,759,817,556,425,644,866,75,644,450,837,338,227,474,75,482,244,644,361,198,308,465,793,520,232,300,34,724,735,83,281,925,833,640,77,531,211,106,554,475,690,806,401,191,960,212,324,474,129,397,93,432,61,376,479,58,341,714,599,851,595,291,590,863,492,150,529,633,677,748,28,329,848,691,166,324,461,821,866,771,207,324,580,843,338,170,677,929,291,958,539,756,129,420,803,431,415,579,220,245,814,277,452,378,253,379,75,411,631,289,519,515,137,357,823,746,377,700,552,925,944,915,802,924,465,530,960,588,448,536,115,198,598,727,964,282,25,440,173,23,127,43,199,282,419,668,332,225,823,198,186,949,916,718,618,21,333,85,580,755,914,456,611,955,448,421,159,5,716,192,228,552,829,756,651,782,842,678,44,488,557,577,854,444,625,367,845,755,107,478,525,756,796,539,889,849,467,518,44,397,959,317,255,572,693,7,423,291,802,746,485,400,317,292,217,807,960,778,515,818,84,899,225,187,134,490,216,759,169,213,959,199,325,217,189,555,420,43,124,565,781,43,41,175,22,598,686,317,139,279,241,159,13,395,166,174,190,664,958,889,714,213,11,395,525,479,614,925,727,333,85,750,755,667,282,499,693,171,446,118,180,457,137,190,954,207,244,320,549,376,83,211,845,939,858,676,26,44,561,912,631,643,540,92,626,530,153,901,584,687,774,291,805,279,809,79,117,603,485,357,497,888,623,166,890,441,871,819,735,640,752,318,347,188,605,910,544,261,896,910,161,481,32,54,788,917,88,226,382,142,428,910,917,428,326,473,45,284,648,226,112,184,284,261,522,178,428,10,522,473,42,896,767,413,261,353,183,932,73,78,310,226,428,249,744,788,252,413,932,78,237,18,73,917,65,544,910,183,294,113,18,284,46,203,96,112,51,14,416,384,269,620,943,943,458,176,564,56,534,299,299,56,389,846,532,458,151,534,151,458,97,384,532,950,176,928,49,151,269,928,151,532
409,904,409,638,619,36,87,624,59,233,638,233,609,402,619,619,477,59,409,904,459,721,409,318,221,469,278,187,168,344,778,715,367,580,504,62,655,584,461,302,923,465,25,439,851,258,114,502,164,145,136,44,677,63,681,791,455,854,485,43,391,364,34,527,242,469,371,258,245,640,779,72,916,507,170,704,5,202,297,90,445,180,591,888,743,92,655,667,89,735,573,77,388,291,782,107,370,405,217,782,923,313,22,82,716,66,552,505,665,496,632,467,118,334,945,30,137,282,171,954,277,26,207,223,7,743,599,559,431,367,282,167,50,369,194,632,707,170,958,856,848,169,344,505,301,472,736,307,164,219,514,85,119,888,145,802,221,253,946,440,441,196,190,698,616,194,396,143,378,713,29,504,64,746,21,13,206,153,207,955,935,890,556,951,43,450,906,39,180,580,908,536,479,136,188,448,394,757,465,909,863,483,401,251,832,452,681,392,451,134,300,357,281,585,111,663,180,383,496,312,632,196,653,336,154,213,157,957,401,61,716,660,157,899,445,395,771,513,454,651,63,84,501,68,687,474,578,386,778,565,833,69,681,791,485,408,843,503,255,871,832,378,77,280,305,663,633,84,440,834,746,610,11,557,360,573,317,388,821,22,941,175,482,301,661,5,225,771,773,137,591,491,698,673,273,911,124,77,292,599,100,757,931,447,495,106,478,672,595,732,729,810,855,515,5,642,101,922,308,492,425,192,316,378,615,23,292,451,5,683,152,529,944,280,774,90,214,959,430,117,352,86,791,714,399,955,68,208,640,515,457,616,68,661,449,693,552,245,209,242,715,697,296,859,672,621,196,661,170,457,347,301,229,296,27,514,34,597,676,333,863,225,179,947,199,556,818,506,709,308,906,47,411,525,925,70,212,837,291,360,931,289,83,912,604,431,292,278,611,61,801,814,773,371,692,427,762,279,345,37,528,469,68,114,127,510,663,215,738,412,506,455,191,253,193,62,676,651,90,331,613,272,227,432,47,204,62,292,316,956,531,60,507,150,628,297,460,363,92,251,762,909,537,586,643,150,662,882,282,697,347,925,446,447,539,124,588,678,84,759,99,912,272,350,732,263,866,474,455,687,719,355,61,177,99,603,886,732,882,152,21,502,580,318,180,704,139,169,91,801,21,317,308,746,771,510,122,312,368,605,859,232,460,885,111,448,228,507,759,665,766,150,12,871,890,802,375,355,153,914,235,400,170,656,588,338,806,628,412,926,202,39,929,923,191,605,23,215,462,444,805,27,592,476,383,296,955,279,33,246,908,664,399,510,816,848,911,566,258,918,250,460,633,24,187,192,833,206,289,705,272,885,221,83,277,496,487,388,605,673,273,317,704,894,110,391,372,773,450,890,131,94,116,492,451,531,66,887,707,782,809,277,504,847,144,330,584,605,729,530,130,552,138,216,107,912,552,691,242,12,254,828,539,899,98,854,748,567,73,243,426,51,932,404,310,294,184,237,178,161,413,42,10,236,910,896,51,261,237,938,261,31,234,112,353,567,284,647,45,65,544,310,481,353,16,78,178,284,261,128,183,46,744,426,563,788,294,426,197,51,226,428,788,147,237,381,910,73,249,648,648,428,326,428,18,930,544,65,473,248,2,2,875,151,2,534,151,181,2,269,772,786,493,416,248,902,230,534,15,534,269,74,181,786,846,546,786,564,389,14,230,875,786,928
233,81,459,477,747,233,108,721,477,524,624,721,619,233,409,608,524,402,402,402,608,36,524,495,277,929,861,209,427,187,845,828,351,483,556,244,916,188,450,762,110,793,419,114,729,757,386,454,118,588,116,513,891,519,377,630,828,810,322,208,757,194,665,92,293,497,420,574,377,920,901,667,506,573,810,899,700,601,39,229,30,776,71,219,691,378,263,849,796,756,945,239,957,195,517,456,597,460,454,704,84,41,926,618,801,189,150,114,598,657,683,391,432,514,704,110,494,217,305,316,308,441,72,863,621,250,291,578,504,572,615,291,157,503,561,810,885,300,916,685,177,20,62,296,352,407,919,844,496,254,496,201,528,419,797,101,471,613,859,537,123,70,364,34,360,719,23,444,165,64,150,579,392,476,821,526,958,302,180,12,497,816,837,363,683,394,615,129,117,559,568,899,645,209,716,740,591,793,519,687,255,838,213,828,60,296,833,70,135,272,386,179,731,60,421,273,797,364,598,886,517,586,421,66,957,844,163,214,654,318,47,823,664,401,460,939,510,422,93,755,40,761,211,599,739,924,539,527,254,121,519,195,955,421,273,482,111,796,504,100,574,101,195,736,367,617,315,476,707,735,300,293,955,485,370,329,39,105,407,191,709,115,915,845,704,228,759,159,475,361,775,615,874,386,305,115,476,229,377,291,584,211,191,189,317,30,925,478,908,92,566,239,878,352,350,926,601,129,91,57,259,168,655,901,939,656,801,228,378,505,617,947,494,156,499,127,472,824,124,909,837,683,47,441,240,587,711,911,205,266,775,144,30,652,111,692,223,84,116,43,778,431,791,229,863,111,869,504,324,69,120,630,162,369,898,195,482,746,146,542,274,198,391,410,206,810,126,738,815,657,776,455,152,746,497,964,471,219,890,754,427,528,542,923,637,530,586,127,334,891,515,888,214,175,555,172,843,451,597,693,452,131,731,909,357,894,99,264,922,607,736,341,736,822,383,461,901,190,833,793,885,62,844,107,199,447,844,301,444,327,177,155,338,90,527,167,371,191,163,189,871,964,541,188,461,71,101,497,837,110,344,962,17,297,239,805,573,420,288,360,781,819,76,104,558,531,327,199,924,106,842,791,834,122,491,333,220,152,863,602,922,661,47,732,186,201,537,415,920,393,279,782,536,175,107,482,598,378,878,278,451,430,150,572,289,84,27,911,329,86,806,277,263,401,859,482,8,222,814,782,642,127,502,602,361,375,580,766,93,139,815,448,758,66,641,653,133,759,247,469,120,686,497,90,598,631,223,377,668,200,665,378,574,302,13,552,173,40,537,653,503,599,740,843,525,177,518,849,843,376,185,412,13,482,360,330,821,848,709,70,79,947,736,918,205,615,338,530,452,838,274,239,605,758,559,681,510,440,202,780,771,885,869,479,781,700,50,427,681,357,171,24,130,305,277,43,37,560,83,558,765,206,604,214,133,214,148,42,917,234,158,46,67,938,353,473,473,522,382,917,226,16,930,381,627,113,147,161,45,261,563,522,426,249,284,326,481,203,563,54,910,473,413,18,67,767,42,635,767,744,161,562,473,67,51,32,128,16,563,627,353,161,635,65,178,346,142,284,18,284,404,113,112,112,917,10,562,896,65,15,458,534,928,97,314,564,230,786,181,786,564,928,458,772,772,56,248,97,620,416,19,230,928,176,532,493,493,97,389,74,532,875,534,416
402,904,402,477,354,608,233,459,59,233,459,87,87,36,87,619,224,59,609,224,747,904,36,597,139,400,427,947,809,921,944,690,70,554,427,724,72,894,72,223,697,253,41,955,425,646,867,588,529,465,915,247,225,882,797,336,542,327,307,830,889,407,239,519,888,333,106,396,960,611,12,4,824,667,698,1,687,472,748,439,232,431,603,506,180,727,802,371,246,739,856,372,715,761,177,195,793,957,423,637,101,810,333,653,143,837,123,487,55,924,320,456,540,922,959,947,616,217,655,189,61,48,206,186,127,440,338,401,332,803,906,528,221,519,273,241,93,848,20,150,235,944,95,55,266,849,781,399,906,107,645,13,274,91,929,136,709,565,507,420,202,77,844,882,209,357,819,207,127,665,732,221,690,830,793,143,370,704,134,121,607,661,595,214,766,449,616,195,751,964,43,415,407,350,325,592,653,202,955,931,190,566,598,654,558,832,341,803,216,325,95,110,923,422,399,20,129,791,360,746,528,574,528,163,719,888,20,450,166,507,101,614,776,345,156,441,90,858,964,602,131,427,180,476,888,765,82,50,832,591,460,495,782,909,946,920,660,223,12,528,421,949,791,146,199,848,219,729,656,573,640,272,7,713,419,307,388,517,555,155,597,681,890,33,251,616,357,616,370,762,134,588,834,568,559,62,487,138,291,516,499,431,502,843,202,13,954,168,330,199,145,388,536,740,918,397,274,338,30,707,101,91,557,585,849,77,336,724,572,494,432,75,472,588,909,954,308,579,232,69,369,584,17,305,944,419,756,701,238,837,399,63,476,854,193,34,199,137,329,519,198,645,3,94,791,775,724,871,704,245,642,903,946,415,909,548,325,355,568,568,281,866,282,554,213,251,455,400,397,156,300,716,845,817,653,715,277,790,704,195,195,476,561,687,542,193,173,947,618,331,273,77,513,687,672,677,623,440,119,451,858,611,27,934,419,490,925,86,396,697,37,819,407,843,926,216,848,125,667,691,496,218,71,584,579,372,587,239,244,914,833,250,30,170,455,643,241,939,418,697,7,456,796,216,858,558,83,681,687,960,318,155,1,370,447,422,483,287,282,781,561,761,815,174,838,244,740,752,692,894,505,405,482,95,119,729,213,911,541,518,643,66,297,483,48,559,138,259,26,861,692,911,376,514,28,322,444,185,41,851,286,906,912,960,118,325,324,4,281,185,364,885,332,106,461,845,779,137,918,279,759,254,756,655,505,462,115,192,914,657,731,751,871,701,565,469,554,125,640,465,375,140,849,111,633,957,604,830,746,126,871,202,431,714,668,616,497,764,819,124,776,603,418,241,30,101,327,687,200,748,245,375,361,240,654,869,308,951,685,542,887,483,757,95,110,516,449,451,837,664,189,121,754,843,40,898,123,834,687,253,832,166,504,774,318,724,558,665,958,179,189,378,630,939,29,4,383,425,632,643,548,94,539,631,154,255,66,413,938,10,142,32,381,226,183,183,647,161,404,932,896,18,53,767,234,938,261,226,197,53,249,18,544,53,938,635,197,128,294,31,404,128,563,243,481,73,203,16,917,522,78,346,10,42,563,428,32,51,178,249,31,54,147,767,112,310,473,10,46,294,252,744,18,294,197,197,353,381,67,564,230,564,772,151,416,564,532,181,14,14,151,314,248,928,532,786,846,389,389,943,772,846,176,314,19,176,14,230,56,416,269,943,458,151
402,108,233,721,721,904,59,354,233,638,904,629,459,608,59,638,233,402,864,624,59,402,459,528,863,510,238,651,21,923,345,615,837,915,302,216,814,440,174,750,177,210,137,325,61,259,274,585,217,306,75,201,308,561,25,707,211,245,196,152,153,430,222,727,324,7,482,427,308,514,135,714,914,476,934,805,780,691,169,240,691,912,164,255,211,440,39,273,781,677,736,86,931,604,334,607,383,476,5,483,171,810,89,756,526,105,495,525,369,929,756,378,288,317,288,494,71,422,834,421,527,39,845,76,410,727,843,286,223,960,849,516,529,375,35,350,713,70,451,291,814,680,427,687,209,327,11,504,832,821,57,580,210,372,687,510,191,714,254,452,945,330,748,273,561,138,375,580,293,34,135,959,77,657,418,138,419,75,95,100,9,471,129,628,61,750,291,848,222,401,834,277,131,296,347,186,766,8,193,797,139,407,595,30,946,736,552,554,411,378,513,103,341,86,485,35,202,921,126,192,874,116,447,116,107,170,392,39,199,44,204,146,177,331,5,579,916,531,344,756,306,528,455,121,415,643,399,244,401,137,103,752,4,746,599,225,55,247,415,306,278,76,616,729,460,644,483,91,144,887,960,530,603,579,117,456,531,915,371,166,152,628,956,882,447,331,121,79,549,61,527,502,215,136,664,844,462,118,885,515,200,628,662,377,460,646,597,115,843,461,75,129,448,797,213,371,821,156,653,925,70,156,957,686,775,235,368,578,568,430,555,662,661,610,106,964,820,692,874,705,422,116,574,781,964,35,315,306,946,246,531,258,939,630,50,329,20,548,229,559,833,724,280,536,376,842,40,479,683,134,510,195,8,286,541,124,918,903,577,756,793,476,920,274,661,782,499,60,37,514,273,595,135,228,690,707,129,657,55,288,155,193,574,423,661,107,791,287,86,780,360,906,651,803,602,461,293,103,655,912,264,166,555,556,222,55,191,882,855,318,277,960,205,716,400,640,69,166,891,922,676,27,129,13,239,644,30,510,239,103,302,79,422,874,202,1,959,301,704,472,165,334,580,727,901,22,911,541,859,495,11,352,655,282,330,242,105,474,566,20,367,655,844,676,580,782,515,124,499,333,526,762,517,595,172,916,160,460,776,391,201,216,25,898,57,946,775,957,405,111,7,662,144,117,26,139,102,441,572,939,678,448,497,449,539,324,537,828,279,13,34,709,595,367,218,102,707,640,308,645,191,739,222,174,20,101,462,452,573,138,452,542,120,488,815,320,162,761,729,102,430,360,457,731,554,225,962,755,719,451,623,704,227,123,954,169,919,22,79,29,715,315,202,450,257,38,776,810,369,334,507,790,8,810,912,23,924,605,244,34,500,79,189,395,103,700,781,838,48,926,751,301,692,483,541,957,106,821,135,833,399,752,250,739,21,761,221,601,447,781,867,364,274,204,855,746,652,157,824,291,693,12,713,422,160,347,955,184,428,54,326,567,67,896,648,237,404,32,252,938,252,73,917,284,16,32,147,413,346,349,544,88,544,404,113,112,197,67,112,78,522,562,96,635,54,712,896,183,203,563,930,544,147,382,627,563,31,428,310,67,65,31,326,481,52,353,712,53,96,930,261,226,65,930,326,112,236,910,112,314,97,56,846,269,176,176,564,846,74,269,546,15,786,74,176,772,230,928,943,314,846,902,786,902,19,846,772,97,928,314,314,846,389,74
747,624,638,608,233,609,524,864,402,609,224,477,747,59,864,624,224,904,402,87,638,624,864,673,122,66,499,229,945,909,210,922,854,655,764,371,830,641,70,926,497,561,410,388,300,559,506,929,891,111,185,26,680,964,807,797,643,134,520,929,246,110,247,312,133,209,185,642,736,104,118,367,329,211,766,946,378,935,146,540,317,412,885,90,934,33,854,23,754,750,711,495,540,945,854,762,739,195,625,220,370,731,756,179,192,401,890,350,238,637,130,711,363,245,456,945,806,592,30,257,500,652,153,525,148,858,415,22,959,47,401,291,94,954,370,820,705,439,887,746,105,412,451,200,7,698,956,217,228,39,574,605,642,415,947,251,136,189,370,432,325,241,38,86,138,350,556,129,475,4,814,320,496,520,33,467,715,878,115,578,272,809,625,444,198,167,280,72,55,430,861,664,765,223,393,91,566,447,626,660,257,818,82,371,228,70,288,317,537,951,100,495,85,228,692,530,739,451,313,618,288,420,399,208,718,819,851,863,748,193,377,101,858,957,590,412,561,645,941,818,341,25,625,833,300,187,842,580,964,645,759,250,923,39,809,935,55,585,445,817,166,507,1,764,872,316,144,781,79,889,678,399,253,223,21,241,874,673,208,796,405,591,677,761,560,762,820,743,664,218,914,630,318,352,444,110,266,208,960,531,872,367,964,552,116,704,833,530,296,301,731,912,832,713,352,665,954,444,490,614,956,12,116,918,47,871,227,324,205,4,28,566,241,906,130,578,50,259,274,215,40,513,370,491,312,457,279,790,668,100,743,655,697,405,566,775,338,344,341,111,167,47,700,34,776,890,605,251,750,926,667,26,11,21,293,540,131,479,597,83,604,497,76,229,336,662,218,861,572,944,273,916,300,915,957,264,644,615,507,631,944,482,355,86,472,341,821,597,341,75,102,885,70,167,779,138,451,247,40,376,209,194,588,633,503,501,57,330,123,558,388,820,491,872,819,361,210,579,62,580,615,137,145,454,318,355,66,367,154,536,951,845,713,439,693,392,663,667,923,274,146,363,396,3,894,719,661,773,247,869,469,383,467,662,48,584,334,431,153,587,289,818,225,847,228,662,816,217,174,231,5,383,119,758,297,878,889,41,220,759,555,235,809,776,499,633,76,822,121,633,376,791,475,372,129,391,163,333,690,333,115,306,95,130,146,751,64,306,631,27,420,584,296,757,672,241,77,352,630,752,537,164,641,106,920,103,138,780,719,193,584,421,134,476,555,809,802,585,890,828,308,519,681,38,375,134,526,951,856,164,22,60,306,259,872,199,677,780,253,139,711,205,421,626,190,525,28,921,822,855,866,959,502,138,530,945,935,370,41,514,487,200,680,126,517,369,318,715,820,185,849,859,288,916,898,947,332,23,222,418,681,411,465,155,727,517,610,20,916,107,935,758,164,805,138,716,153,116,69,903,139,566,588,815,698,920,129,938,744,236,45,18,426,161,88,426,18,567,349,32,147,18,382,178,53,113,252,744,932,178,932,161,158,938,261,382,16,522,31,243,353,767,158,413,54,96,326,346,767,252,326,234,88,184,910,234,197,346,648,54,178,237,236,178,567,65,65,917,381,428,353,112,88,346,158,54,294,158,249,269,786,248,416,928,772,546,786,384,532,546,534,384,458,15,620,534,564,151,19,772,943,772,230,176,314,620,97,389,248,314,950,772,230,902
608,904,224,224,721,233,629,354,59,108,409,721,36,904,864,608,609,81,904,721,81,354,459,542,500,207,391,461,805,82,597,201,427,35,386,232,9,35,637,145,278,405,157,536,960,630,355,757,718,687,510,136,738,456,166,194,141,423,565,207,740,370,187,408,598,324,856,392,123,69,1,878,549,809,863,869,817,557,727,748,876,106,465,510,129,194,160,623,186,160,1,204,116,408,510,277,201,838,277,441,719,86,146,320,372,780,296,39,738,527,29,781,949,934,30,738,849,823,63,444,71,456,774,716,39,908,159,105,64,643,126,757,561,729,655,452,830,946,740,118,517,330,199,704,625,272,35,131,574,692,716,213,805,947,273,925,894,916,278,306,565,186,412,272,911,9,592,143,451,759,229,177,30,225,240,828,318,378,76,139,307,431,7,672,549,803,76,757,312,858,244,189,200,497,401,955,165,125,946,95,13,383,618,683,379,949,837,814,802,807,419,148,223,601,77,103,945,491,287,247,29,159,858,782,515,351,221,729,9,859,692,461,668,38,604,216,107,308,929,931,908,872,929,719,531,318,425,7,34,122,820,912,758,838,514,447,809,598,191,946,660,418,138,604,485,585,71,57,631,885,316,665,485,223,446,644,318,874,855,709,103,921,361,292,21,657,436,601,851,527,134,154,776,171,592,485,66,888,588,633,814,423,364,291,855,765,782,129,39,101,727,605,259,834,69,360,171,739,388,655,955,251,727,134,388,604,377,823,325,450,845,445,918,573,425,527,595,661,364,678,167,781,843,391,218,810,344,420,887,766,196,157,152,423,610,171,292,807,859,250,851,101,646,24,729,313,845,499,277,519,962,672,364,588,921,599,517,885,549,715,861,171,62,66,378,727,483,748,39,167,188,317,621,530,872,110,752,5,169,919,350,820,888,392,43,654,111,330,229,685,854,597,815,847,739,642,445,499,495,506,687,107,843,899,244,577,496,287,166,483,115,540,906,120,201,107,242,8,920,155,632,947,632,829,483,357,167,375,692,408,301,165,316,640,208,372,517,944,474,716,430,697,558,762,613,566,278,195,823,934,411,124,577,911,526,837,842,909,250,653,641,560,871,43,425,657,351,105,160,558,99,62,779,394,597,732,833,94,887,421,565,637,914,241,661,640,173,202,172,724,423,341,64,626,444,645,743,383,334,691,845,148,765,400,446,125,34,565,116,754,776,136,707,554,456,179,207,832,130,171,101,478,568,82,423,607,136,231,588,520,352,418,729,163,552,625,504,412,277,656,832,105,12,331,754,863,685,661,945,871,775,85,119,746,683,761,901,247,754,329,66,560,483,632,731,698,134,503,357,408,207,771,220,762,37,355,134,34,132,828,858,371,455,211,377,479,947,681,818,714,277,247,47,568,817,135,898,104,754,478,530,828,807,105,829,83,253,312,422,680,288,33,834,457,526,172,425,208,643,189,449,139,282,755,485,257,84,249,234,261,896,648,249,938,648,158,310,46,96,237,237,382,78,236,78,112,567,562,183,10,252,744,112,16,404,65,910,184,426,346,326,648,147,767,249,197,426,767,51,712,73,326,16,88,567,428,128,73,65,744,249,249,52,627,767,404,65,647,473,544,562,346,67,73,42,326,353,647,544,943,299,875,49,458,546,389,97,151,182,230,493,97,314,620,950,97,416,620,902,15,458,14,389,786,846,299,19,846,299,846,299,56,49,846
629,402,354,36,402,108,108,864,619,864,904,721,354,524,864,638,233,619,747,354,747,477,721,421,691,82,759,872,333,773,371,441,962,958,701,221,12,495,597,655,876,357,779,460,12,871,578,189,355,202,378,697,66,214,194,662,469,939,208,324,504,818,525,136,130,765,714,514,715,245,580,833,44,568,668,951,816,185,719,70,922,956,333,754,29,156,405,37,610,446,685,121,313,757,665,160,103,120,462,851,652,430,130,279,441,874,791,75,651,419,41,367,510,633,817,372,272,152,169,105,719,156,192,542,20,867,202,621,33,595,750,194,828,324,206,111,698,72,300,887,250,22,958,430,375,253,85,63,888,541,368,301,646,13,681,307,806,719,100,736,40,259,63,145,598,306,471,685,122,440,626,854,958,195,422,143,129,35,436,488,361,134,187,407,780,590,605,57,740,423,929,615,240,513,914,572,874,959,9,495,341,949,894,776,280,199,871,388,378,388,887,557,383,844,62,220,935,672,501,483,823,455,140,118,802,819,351,499,844,232,757,676,585,882,531,104,773,487,490,705,148,832,367,364,653,312,220,360,899,5,644,806,677,751,677,227,602,751,169,502,863,100,63,396,460,450,221,829,497,320,878,743,430,869,4,117,814,288,958,345,216,119,99,633,752,780,30,809,736,415,934,448,859,605,119,908,591,17,724,637,171,644,926,607,21,790,160,713,858,718,848,791,25,500,460,220,301,397,103,791,204,62,921,138,216,274,531,911,364,607,454,77,196,157,790,118,643,89,912,415,743,292,22,603,150,266,376,369,633,495,690,876,287,24,447,935,898,607,691,152,408,168,212,24,496,118,848,286,330,574,201,425,823,815,849,396,210,55,393,17,333,601,497,460,814,781,133,169,251,37,263,69,822,858,315,698,687,514,806,923,465,471,170,117,949,231,191,119,50,652,145,140,325,157,104,828,225,411,377,116,920,698,607,678,603,21,217,672,588,43,93,758,383,90,773,678,154,462,6,165,393,482,168,392,874,790,222,891,448,851,939,781,859,817,962,222,604,652,449,914,27,35,500,195,568,451,378,716,505,29,25,344,494,281,579,505,732,126,651,375,778,139,580,755,529,122,445,851,939,139,906,956,732,76,655,584,301,117,251,758,652,746,312,313,287,440,797,273,376,851,209,645,90,85,100,85,958,894,951,661,719,264,196,125,30,595,289,781,467,70,502,822,746,123,188,293,155,882,849,951,908,781,103,885,810,93,572,775,225,718,914,334,814,383,286,762,196,350,485,105,822,447,959,874,84,377,121,17,89,757,22,610,420,698,333,217,213,160,802,641,947,780,555,105,716,103,28,75,668,360,557,334,775,476,554,479,318,698,945,333,287,376,25,446,469,245,163,598,216,273,415,106,774,759,293,555,668,281,939,559,848,646,916,281,497,163,855,330,410,213,306,527,874,99,573,86,803,834,861,677,21,866,214,625,641,200,556,96,522,712,788,252,635,237,112,31,627,413,261,544,647,158,353,158,10,203,51,930,294,237,197,67,284,52,184,88,161,96,18,197,567,18,234,428,73,284,142,112,42,712,31,42,161,67,53,46,128,326,310,147,353,203,567,158,563,197,88,54,346,346,349,32,73,73,353,178,65,67,788,248,384,532,928,151,532,546,458,564,151,902,182,928,620,458,534,230,950,493,56,151,49,384,564,902,532,269,97,151,389,620,620,384,19,182
459,619,409,609,721,864,524,524,233,477,638,619,459,354,36,224,721,59,721,409,608,87,59,215,779,690,439,500,296,899,735,450,229,460,263,39,774,40,8,601,716,441,685,195,430,964,899,143,541,369,819,487,307,156,297,137,422,104,132,132,333,324,805,849,419,264,507,50,471,4,117,818,450,822,556,757,192,631,496,536,255,555,552,705,764,111,83,780,752,631,180,775,899,400,496,272,120,436,206,529,758,156,714,731,101,119,293,3,615,572,854,75,646,964,122,106,960,38,173,645,33,8,229,849,859,894,273,157,64,446,729,174,590,263,955,845,39,847,815,432,259,651,140,657,816,333,903,527,664,369,4,894,266,614,37,289,554,872,121,755,200,908,672,630,667,22,228,764,765,89,849,99,13,871,735,527,400,421,286,448,617,922,673,565,597,255,740,145,17,430,441,250,588,561,241,297,432,201,351,167,395,588,139,739,830,102,393,821,85,573,487,152,258,198,58,106,834,399,207,44,541,829,701,106,660,765,351,704,21,6,351,120,38,436,855,916,951,139,958,750,376,587,313,89,715,790,227,28,393,327,822,455,759,497,640,502,520,844,471,71,759,239,251,898,503,496,318,661,890,287,62,350,447,491,926,513,701,315,302,274,876,12,6,916,103,174,833,867,663,843,945,291,642,899,528,84,494,832,259,69,217,461,444,35,186,591,370,878,114,779,212,436,660,418,588,305,279,614,714,440,739,223,425,964,665,120,528,333,48,282,906,175,48,691,556,21,506,914,847,610,115,756,121,824,163,201,331,919,727,934,231,7,368,185,155,12,482,821,3,223,898,828,756,127,415,962,126,296,219,316,577,686,894,210,102,584,964,89,683,50,845,250,501,776,392,955,105,287,21,207,851,157,286,38,451,211,38,41,610,686,764,60,848,518,193,218,773,863,55,824,278,617,105,84,718,633,946,179,281,207,332,169,797,329,738,756,273,494,280,302,746,242,618,198,318,242,24,832,732,805,50,360,454,921,515,887,258,62,921,478,395,912,631,756,920,736,159,529,566,347,507,750,919,152,286,506,642,528,536,935,844,28,107,457,331,134,3,874,452,432,491,206,23,691,41,908,555,72,595,738,27,273,401,754,190,951,507,401,711,500,780,780,432,683,235,816,34,396,586,238,641,195,678,141,656,757,643,885,94,204,697,156,613,819,352,478,944,229,833,331,955,872,169,305,336,244,215,490,483,91,820,752,566,8,114,809,738,604,832,386,351,137,947,94,790,958,92,781,456,962,291,186,62,214,588,764,100,614,313,134,445,960,805,257,5,306,822,572,707,653,719,449,686,595,29,98,479,104,848,510,367,628,778,716,962,872,251,632,934,396,732,213,762,156,828,506,686,38,555,632,90,447,911,327,585,427,43,351,302,662,732,194,9,215,198,911,504,779,70,100,185,778,838,751,838,527,292,664,210,549,490,344,229,306,70,201,101,158,51,161,349,522,567,183,234,32,236,10,647,428,627,96,197,249,178,567,184,237,65,381,932,197,243,917,78,426,112,252,326,203,236,54,712,78,938,930,128,473,78,18,562,562,349,261,310,648,788,788,178,563,32,243,236,197,10,18,522,96,382,51,767,522,284,88,46,563,236,243,788,875,181,181,230,928,269,564,151,176,182,15,532,532,181,950,269,620,2,493,15,564,269,230,943,2,14,786,97,493,950,458,950,299,384,493
81,409,477,477,81,81,36,864,459,36,224,354,233,409,108,409,638,233,59,36,108,609,721,735,146,651,916,611,324,802,759,25,164,611,225,507,104,264,859,766,122,625,715,125,941,866,759,541,160,281,506,503,315,890,944,776,99,766,513,510,439,494,462,164,165,336,885,35,122,247,662,93,903,934,13,167,281,263,743,106,475,921,856,874,369,316,687,673,790,491,90,48,341,450,133,539,376,628,110,242,610,691,98,244,731,516,92,209,172,452,801,177,842,816,685,560,110,623,7,667,5,4,915,430,588,40,915,574,809,599,445,163,652,559,748,461,364,673,667,529,64,517,828,616,709,517,201,727,94,104,832,711,132,227,491,707,640,527,239,120,450,775,23,289,704,663,475,347,510,306,177,500,951,584,278,86,98,557,318,552,341,678,758,171,494,425,690,735,845,427,165,779,367,293,146,591,471,92,584,454,919,807,565,37,99,228,595,40,116,531,419,602,661,496,407,662,845,587,941,681,724,300,536,254,540,485,322,274,441,691,861,232,193,186,716,327,461,859,676,771,687,204,746,920,395,103,790,828,250,254,50,507,559,713,845,566,222,540,934,677,400,124,263,444,287,929,155,199,920,431,556,235,297,3,136,61,558,222,832,313,844,830,1,72,191,22,637,516,560,756,289,187,861,388,756,918,313,445,858,824,396,207,259,329,796,82,222,117,929,460,288,179,189,133,552,890,205,704,735,126,450,775,568,541,127,7,526,531,186,418,621,738,854,655,607,911,715,218,133,677,646,379,222,751,771,445,103,102,394,805,427,117,515,855,377,345,214,140,739,105,211,758,656,962,287,519,439,30,251,821,552,842,95,465,735,615,843,320,432,704,886,951,391,709,355,143,93,872,732,315,542,72,665,240,345,400,460,736,155,488,116,790,320,431,111,713,8,516,529,333,539,85,806,591,876,187,935,595,288,719,306,519,514,148,955,707,539,427,408,378,558,797,810,98,293,85,118,736,325,66,291,188,1,363,643,718,653,698,954,85,528,962,371,531,246,697,132,338,401,445,549,809,805,395,757,750,127,814,153,828,584,676,194,92,29,427,915,104,367,945,504,759,667,561,678,363,759,325,315,125,281,830,259,485,756,914,157,599,693,173,308,120,263,559,754,791,923,225,847,133,580,790,279,352,762,312,914,604,103,672,537,76,202,247,584,497,908,133,62,519,824,154,951,592,316,130,843,330,170,700,651,889,110,318,289,199,152,163,539,962,729,199,316,138,138,490,312,129,796,338,506,185,640,518,400,133,632,890,657,890,762,793,578,626,180,922,602,24,400,7,955,482,222,829,215,494,115,266,818,899,773,834,537,517,146,496,155,496,139,911,662,277,191,780,502,663,186,872,661,605,653,423,580,869,539,60,557,110,25,320,876,423,144,344,288,212,561,833,822,60,126,94,106,820,818,347,194,457,693,597,251,227,456,84,537,190,329,284,16,10,563,346,910,261,930,284,237,481,404,65,18,96,648,346,42,404,353,428,73,67,197,635,249,712,51,183,243,917,481,113,128,896,113,481,88,203,896,53,426,65,326,142,112,51,767,310,142,128,236,544,42,744,52,226,481,712,788,65,563,147,18,426,767,16,32,54,788,161,67,299,248,564,928,49,493,97,19,97,19,14,56,182,49,902,181,458,230,56,950,314,74,928,564,772,389,182,564,846,230,384,384,875,56,248
904,224,81,354,402,81,904,409,904,747,459,81,224,904,629,402,108,233,904,81,87,477,609,202,91,79,55,251,711,400,934,171,136,371,199,421,525,336,830,922,929,914,48,499,621,828,372,837,499,104,819,771,58,167,782,119,136,816,555,25,26,43,478,774,64,13,504,85,333,520,410,849,780,614,263,727,246,291,854,169,55,291,935,450,713,259,263,660,72,555,347,513,568,869,199,8,66,616,202,110,408,344,469,5,954,364,530,316,79,456,739,654,633,170,476,334,372,407,485,447,628,123,364,752,130,444,549,278,790,479,655,288,165,79,82,807,371,98,843,700,817,277,38,38,408,92,454,923,277,375,218,312,941,662,347,618,296,848,504,686,529,517,954,170,153,597,419,35,198,611,193,821,448,208,305,100,931,738,133,140,774,735,313,539,578,951,748,776,4,499,98,630,560,617,816,418,482,370,83,507,220,44,743,351,724,422,829,598,848,254,48,510,764,102,632,6,368,93,212,212,854,333,809,216,445,677,347,420,909,455,641,599,79,729,793,20,186,431,171,560,259,719,561,427,664,888,28,698,692,908,502,239,222,924,633,165,111,317,782,814,516,131,388,22,254,507,375,103,376,793,397,159,878,754,106,898,474,175,114,289,79,603,830,351,444,530,279,871,556,195,762,363,137,103,85,47,420,848,306,755,162,222,654,531,918,558,281,28,957,919,681,501,842,399,361,872,168,867,847,513,292,206,732,882,20,510,231,906,755,956,911,537,37,118,851,751,251,336,833,501,867,816,616,347,869,931,257,631,138,588,43,931,757,200,673,814,121,156,809,258,327,418,207,66,228,281,701,492,645,200,235,628,577,605,9,187,400,90,124,122,709,471,120,168,222,807,531,84,618,549,258,925,6,205,5,541,754,628,505,305,757,888,331,77,345,478,273,698,718,107,588,445,126,469,124,724,588,869,803,150,456,962,501,29,419,924,227,122,914,736,157,28,68,874,960,160,912,964,762,520,302,448,89,507,810,100,872,21,190,300,8,806,911,213,602,137,179,193,368,450,479,528,577,805,280,154,394,330,163,23,280,61,651,306,833,748,478,542,568,552,213,336,584,587,105,448,369,202,436,652,500,637,130,607,701,445,549,410,614,13,23,26,779,736,154,117,796,644,761,915,941,824,199,605,838,297,686,133,552,849,475,214,882,225,316,448,188,848,931,542,244,957,47,193,494,667,257,842,919,665,505,894,455,843,369,886,816,137,129,106,89,555,242,791,656,519,27,901,714,482,949,667,922,206,123,68,61,899,166,48,661,166,704,273,603,698,9,487,838,790,100,714,278,427,315,27,964,103,322,505,891,693,718,372,240,104,663,135,352,693,739,630,77,72,441,530,641,193,731,692,425,101,331,450,119,334,854,378,801,602,823,345,555,662,352,86,28,240,663,641,701,957,173,456,386,180,909,400,500,332,623,628,106,601,132,179,462,51,381,284,32,128,197,473,249,96,404,161,326,88,16,932,197,10,261,183,88,226,142,938,142,183,473,562,236,252,896,243,261,938,562,522,627,647,31,236,18,203,158,226,142,18,203,353,158,73,896,648,346,481,413,243,147,917,522,234,42,88,481,413,261,234,426,930,42,42,932,67,917,151,564,151,151,534,19,19,14,620,786,56,416,786,546,176,943,384,176,389,389,269,299,416,230,786,230,534,950,846,248,532,269,74,416,928
619,36,224,409,721,59,864,354,233,864,87,629,224,608,624,609,864,608,87,638,409,36,721,40,750,63,220,505,599,111,628,148,127,85,144,251,228,327,207,690,169,739,556,210,931,94,959,422,947,633,782,282,945,148,118,774,887,849,6,23,301,172,115,705,120,223,430,677,338,185,93,646,611,946,946,62,61,901,665,61,386,452,4,106,386,780,764,754,592,124,698,351,845,422,829,549,360,48,697,934,167,652,205,806,383,33,899,100,822,412,736,661,396,100,518,858,960,693,152,35,909,515,615,843,653,103,704,196,549,119,483,124,394,440,120,213,345,838,909,364,361,918,676,771,201,61,318,724,90,177,140,488,908,177,809,955,3,172,882,26,274,153,479,738,227,735,495,124,676,227,750,376,436,652,137,170,211,816,531,506,898,35,297,487,117,124,171,530,324,449,457,656,925,116,122,765,69,253,313,916,250,85,302,628,350,520,867,194,842,771,120,223,837,391,479,655,3,903,592,566,472,724,483,333,871,94,858,929,282,325,578,631,858,364,293,172,791,219,577,355,3,920,947,316,924,866,495,445,189,394,764,327,793,640,773,667,143,152,324,84,915,709,452,833,341,193,781,456,560,394,818,618,396,34,605,27,148,363,960,277,258,258,628,170,513,82,333,602,552,305,817,391,683,164,425,707,452,916,743,336,495,711,856,561,476,685,503,8,232,258,908,85,519,246,810,244,474,450,802,662,962,829,598,72,867,656,711,266,653,155,123,499,102,691,588,732,817,505,455,502,859,537,280,39,642,228,450,25,592,20,204,882,605,713,915,169,476,102,195,866,598,213,957,832,548,561,57,586,685,251,791,9,376,774,456,814,718,528,555,150,131,55,714,527,876,471,174,828,764,715,82,803,125,153,758,823,746,805,462,287,421,492,592,55,701,20,539,175,617,616,686,137,663,854,724,235,170,448,845,572,537,334,154,369,394,856,487,579,257,677,898,491,685,727,37,307,422,485,159,420,232,501,802,529,644,363,43,814,177,55,345,662,697,743,392,118,872,595,899,156,664,637,878,308,399,685,478,222,357,305,272,472,60,200,174,240,901,446,660,169,395,577,946,289,60,220,89,145,246,557,38,903,89,50,159,217,964,202,894,3,449,99,697,103,885,779,715,588,510,329,588,656,526,119,618,941,782,899,909,954,909,23,111,229,656,177,143,487,318,626,585,621,842,132,496,578,254,129,662,765,215,678,824,843,495,422,472,641,191,935,729,436,588,273,8,193,320,84,370,698,528,829,501,935,755,421,854,133,136,631,1,83,828,330,68,882,33,292,17,38,964,92,518,144,565,941,662,555,376,190,436,518,821,874,926,347,822,150,72,876,9,653,448,738,843,180,492,392,139,598,591,377,738,803,874,597,246,153,586,140,598,55,681,427,167,918,440,399,68,364,599,341,139,520,919,440,255,57,246,25,153,497,189,565,60,743,223,226,65,65,404,310,349,522,382,10,128,128,744,128,142,562,635,404,744,67,178,326,234,712,635,53,113,113,32,938,88,349,413,562,310,413,627,65,917,65,917,45,294,112,481,45,744,522,31,42,18,627,648,744,310,635,65,226,310,184,930,310,938,65,932,346,73,381,184,67,184,32,647,564,181,14,248,786,493,772,384,928,181,772,534,74,772,943,314,384,14,532,950,19,299,546,49,786,772,181,534,2,564,846,416,14,269,458
608,224,608,721,402,477,609,747,354,409,87,459,409,608,402,459,59,354,233,747,409,904,608,136,253,537,190,193,525,945,549,8,446,814,637,135,602,117,633,231,199,751,221,26,131,603,461,625,809,931,592,901,123,492,628,188,705,964,677,765,731,28,882,915,934,630,906,541,810,921,220,488,843,740,189,219,503,193,367,958,351,20,854,92,876,204,232,537,941,662,474,361,750,63,845,325,643,195,195,495,75,198,849,169,859,663,258,127,93,105,573,274,842,232,686,954,934,918,947,208,757,68,878,506,929,179,238,159,485,174,496,209,11,425,122,736,448,12,332,165,823,111,931,947,931,332,118,838,205,401,837,447,379,837,410,89,255,886,221,736,815,215,118,740,445,272,894,447,66,537,530,254,372,282,677,779,604,456,29,146,588,154,869,43,642,355,844,441,419,691,360,918,221,751,241,107,439,207,584,179,209,297,7,960,420,77,41,585,188,223,168,160,141,324,539,809,450,475,962,573,327,126,713,162,245,820,455,1,4,103,502,264,23,566,500,280,748,611,266,823,556,135,257,631,683,736,527,146,691,513,471,621,909,518,396,246,630,791,330,558,810,548,780,37,856,866,102,22,603,527,687,527,325,556,465,180,106,137,461,894,592,325,127,566,716,946,76,378,103,38,663,48,540,136,541,924,188,469,566,454,9,559,130,64,208,588,859,701,646,174,357,9,774,824,858,17,663,85,369,643,159,242,159,687,193,334,568,281,277,628,22,12,427,554,293,607,577,626,101,143,85,838,231,293,507,124,180,427,488,379,843,131,253,95,287,159,565,746,886,755,554,926,223,834,621,924,495,379,99,845,246,28,212,872,492,668,686,23,119,456,771,485,527,882,300,633,24,492,586,198,375,229,137,400,251,764,152,548,40,729,621,452,633,410,503,673,259,86,117,94,574,436,773,282,430,911,663,920,495,758,934,278,465,829,133,954,313,828,630,842,494,530,805,22,206,205,207,560,478,420,367,866,617,460,150,421,490,631,510,242,296,291,644,320,680,33,555,392,399,198,705,89,793,92,117,887,713,579,83,631,277,700,77,116,557,55,823,251,653,420,388,561,618,60,718,155,842,333,449,755,810,479,352,871,510,317,657,673,876,291,372,272,837,578,585,75,945,517,539,830,25,388,561,492,748,334,871,273,960,217,204,104,847,640,687,901,861,255,259,421,920,566,705,645,220,578,372,431,809,554,462,82,903,676,370,423,69,838,455,350,82,195,640,773,371,814,504,240,858,599,779,160,187,572,561,955,439,529,444,177,246,58,515,572,307,21,854,871,487,558,131,803,557,282,494,497,475,640,216,89,746,6,502,95,219,29,601,797,465,588,814,146,513,163,946,407,57,391,376,474,205,430,732,886,866,780,130,250,431,242,208,727,851,548,331,814,701,504,515,626,592,633,338,894,104,817,729,84,687,451,231,148,918,673,536,422,315,522,930,413,917,481,88,112,52,349,310,310,563,648,161,648,413,52,51,896,236,310,32,73,51,73,31,147,544,712,183,930,648,473,10,522,184,249,249,522,52,567,88,788,45,161,428,635,353,261,647,161,544,413,183,426,65,310,234,346,183,788,226,428,635,236,896,197,481,243,910,917,647,564,532,950,299,19,269,97,269,950,151,248,532,182,534,181,314,534,56,943,248,546,314,943,546,786,772,56,314,875,772,97,943,493,230,875
36,721,638,608,224,224,409,619,81,629,224,477,409,638,864,81,608,354,108,108,402,59,638,425,277,364,931,192,302,585,196,192,818,204,288,585,55,357,536,894,250,588,20,830,713,643,71,714,327,586,958,66,709,485,131,924,499,302,145,460,740,55,60,217,84,121,118,420,24,914,371,587,683,536,758,803,906,264,661,399,565,292,510,394,350,488,371,701,156,637,66,372,11,168,40,518,775,255,918,756,258,926,155,515,3,44,661,692,205,759,94,918,393,167,266,117,360,830,141,121,482,891,681,357,955,602,559,780,731,802,632,676,105,656,200,153,124,322,253,229,761,155,297,450,677,200,924,758,162,822,623,258,150,496,497,7,572,604,116,668,110,446,92,914,496,412,306,213,951,709,958,111,436,901,962,305,191,172,210,175,495,889,711,686,338,220,344,209,588,771,775,475,574,540,807,444,376,641,754,460,750,959,195,280,407,430,277,479,676,188,739,264,803,76,751,144,918,926,471,70,920,623,851,395,166,84,519,107,145,148,863,467,166,200,62,347,60,407,370,101,568,441,251,55,3,302,554,941,34,201,174,751,939,956,455,140,591,617,472,84,187,61,75,882,378,525,93,133,859,194,641,410,505,848,628,17,209,479,254,302,810,475,423,35,765,822,12,890,611,289,643,931,653,397,205,834,103,422,47,815,958,440,141,886,824,355,568,630,621,566,50,191,807,889,419,133,909,37,286,578,410,643,955,408,599,58,519,496,757,372,388,514,821,225,166,43,537,327,300,460,427,150,84,626,821,191,131,7,822,401,257,136,152,272,856,472,653,391,214,235,228,258,92,590,254,138,604,719,107,574,120,736,126,363,796,192,926,848,528,716,654,838,423,697,322,195,85,856,302,92,291,869,692,802,239,278,542,341,856,664,431,454,246,279,667,549,37,889,678,57,890,491,141,663,520,278,193,519,621,121,91,420,964,676,316,802,25,124,958,914,872,118,401,568,40,170,64,557,241,227,152,817,286,914,137,272,280,130,229,427,207,754,507,410,447,173,329,962,931,630,541,132,605,207,239,241,716,92,876,63,755,116,462,803,653,439,740,210,615,960,302,687,247,773,274,782,908,483,872,383,482,223,48,842,637,277,500,378,525,761,121,397,8,308,227,718,757,24,540,23,588,347,135,667,60,735,86,539,849,423,120,72,761,145,174,103,673,259,82,131,844,759,845,646,205,1,169,817,816,555,528,683,199,89,774,805,258,231,185,558,157,499,17,605,801,131,117,168,124,347,693,686,219,685,854,240,705,301,99,664,306,519,845,274,918,125,693,491,914,898,331,60,833,958,790,100,26,771,503,719,372,597,274,444,452,628,279,580,691,313,867,590,407,11,27,573,475,105,105,485,239,607,944,6,281,94,211,579,530,610,254,633,888,29,127,263,527,828,842,170,439,254,452,925,954,69,920,255,616,809,680,225,556,918,215,640,77,51,544,481,184,161,563,96,32,544,237,426,234,648,203,930,42,647,522,310,294,113,930,346,910,78,346,73,112,481,481,65,648,627,522,10,183,563,932,183,78,128,544,544,426,310,647,310,349,252,237,178,16,544,938,767,635,932,53,65,744,237,65,481,544,65,428,252,522,648,243,428,158,2,97,458,493,248,314,389,182,74,928,181,19,2,248,950,875,564,416,620,97,534,14,532,875,416,546,875,458,620,182,384,620,772,458,786
87,629,36,619,81,721,638,402,87,477,409,629,864,904,477,81,477,87,402,81,224,629,224,220,692,541,143,500,47,828,327,135,692,152,106,347,500,849,223,471,660,817,474,856,165,501,568,719,411,662,507,889,766,926,411,376,540,472,602,251,655,208,138,537,947,579,711,103,396,215,126,189,431,302,193,37,758,451,30,914,707,584,898,541,449,190,336,83,578,935,171,75,57,578,452,918,731,288,605,732,133,4,169,929,644,529,141,951,300,185,824,187,558,640,430,341,185,57,858,345,838,432,790,661,926,912,250,587,806,223,693,131,818,631,507,247,939,351,683,132,790,123,621,818,603,858,497,318,736,57,198,715,824,116,377,525,667,465,518,186,77,22,25,228,851,272,588,210,209,188,137,755,761,110,257,890,922,631,111,372,391,623,662,886,566,232,945,588,22,637,528,580,131,156,922,218,678,834,711,657,894,819,447,656,886,266,539,198,186,238,194,419,175,104,776,824,510,752,317,796,916,887,221,419,871,802,427,336,707,370,790,168,807,766,192,830,70,29,572,479,185,803,95,736,307,410,432,47,683,69,776,471,25,289,106,114,479,135,817,824,219,667,697,663,94,329,949,292,802,372,816,578,505,856,548,934,344,201,386,239,8,250,455,61,199,572,316,911,280,204,204,225,202,909,548,452,104,322,199,127,935,213,153,482,837,956,476,516,946,412,239,920,916,483,507,461,654,821,116,111,476,854,595,250,471,166,959,886,631,34,92,100,228,704,37,281,341,719,899,439,329,138,539,672,796,572,518,92,899,872,660,200,202,604,714,388,765,63,921,802,175,370,536,386,528,791,383,820,527,584,661,838,397,806,71,427,506,729,655,945,123,210,352,281,325,761,71,408,580,851,242,195,887,823,713,401,325,833,617,844,499,490,954,843,50,163,222,222,209,286,935,116,101,578,663,212,941,603,692,549,613,279,566,652,427,779,891,141,843,672,76,201,527,539,834,848,6,351,513,79,664,150,779,557,849,196,194,450,945,281,729,38,132,105,334,587,167,964,935,964,363,513,727,167,560,39,55,191,855,238,676,962,715,559,21,71,121,752,199,678,654,165,642,361,588,572,274,872,1,272,552,258,367,585,607,526,828,206,368,541,192,628,748,405,145,148,796,363,536,847,885,541,263,395,906,439,145,548,561,166,704,393,196,471,660,802,549,724,668,175,288,3,423,33,601,681,347,615,35,878,39,796,211,580,947,824,615,127,228,578,514,778,102,861,185,212,152,242,467,611,555,472,132,441,450,410,844,148,906,781,601,122,411,497,41,614,150,925,518,681,621,643,302,164,423,955,824,138,796,855,201,174,919,132,793,395,331,573,204,155,687,418,692,951,288,886,415,516,478,764,573,439,625,762,357,894,714,6,704,539,76,911,415,218,713,361,50,355,50,448,30,858,44,199,740,756,264,716,845,506,663,21,949,154,154,215,289,473,142,234,349,46,712,243,236,52,54,627,938,252,178,51,197,346,158,112,51,938,261,197,744,249,42,310,310,88,252,178,353,261,197,88,197,428,567,261,88,113,161,249,183,562,51,178,203,284,67,128,522,404,767,67,917,46,712,404,18,294,203,481,183,252,413,52,16,226,236,226,236,902,902,928,56,56,14,151,416,458,56,532,181,389,176,2,15,564,534,2,269,846,389,230,269,14,546,230,846,49,181,772,950,546,15,299
747,619,233,619,638,638,87,233,59,81,524,608,59,59,233,477,36,864,59,459,477,233,638,701,502,313,945,838,548,676,26,242,410,707,931,476,93,746,107,740,485,849,715,935,472,871,628,367,828,557,686,258,665,495,386,517,479,13,368,887,588,579,716,506,944,300,646,3,956,279,281,351,26,257,824,704,383,254,325,272,132,111,286,572,876,856,9,724,748,732,180,278,819,586,867,531,130,102,292,663,286,514,613,401,24,740,289,555,861,258,527,714,6,475,441,519,472,790,33,247,935,185,71,775,241,312,653,469,822,305,497,709,802,660,188,419,282,830,630,100,371,121,316,618,692,306,444,175,245,482,231,221,57,454,803,131,673,894,423,872,111,357,451,177,797,209,738,651,153,713,457,117,898,494,806,118,363,79,98,85,809,3,170,637,898,520,208,714,422,465,946,22,610,713,372,166,554,651,452,132,595,962,187,711,949,145,848,548,837,526,9,135,213,765,336,66,282,341,843,6,401,817,205,501,719,914,205,755,471,422,924,935,540,526,591,211,631,257,673,22,740,440,621,885,848,830,746,856,102,431,202,951,527,163,118,278,254,255,117,281,69,241,202,82,246,345,162,29,60,460,660,175,412,441,3,954,558,116,456,462,653,633,86,61,168,613,180,22,123,422,951,657,33,280,574,818,420,39,514,517,86,656,408,661,259,678,136,26,120,13,38,205,71,281,858,540,383,302,250,568,790,218,138,251,469,955,775,461,941,640,577,603,469,29,317,281,370,759,517,646,774,529,145,217,355,145,77,492,761,664,425,104,851,106,887,478,454,174,475,338,790,440,452,790,738,207,603,869,492,499,82,631,123,713,317,300,874,494,754,700,908,363,135,255,915,934,84,34,77,204,206,556,561,164,61,302,797,175,556,423,47,506,687,572,610,367,886,421,736,876,355,491,114,914,705,207,526,452,198,528,300,611,274,410,410,962,780,704,801,130,889,280,504,331,496,807,691,698,116,440,916,220,292,915,801,117,580,724,90,848,807,474,308,38,103,172,625,882,628,778,955,894,956,363,513,595,736,861,35,819,686,364,845,44,171,84,520,845,204,914,814,325,119,223,333,925,631,605,93,476,559,643,167,355,229,630,460,492,444,704,63,241,652,824,960,817,773,291,155,210,819,598,431,99,614,179,713,692,169,44,605,887,542,830,376,690,869,929,513,621,28,677,133,187,11,559,6,446,525,241,757,357,30,386,399,903,607,106,347,845,664,903,677,823,845,802,602,478,229,258,739,296,488,165,448,642,462,355,146,153,914,947,611,279,44,153,685,573,664,790,476,296,419,793,241,560,89,818,316,199,121,280,379,64,263,120,668,302,17,164,92,55,479,99,240,215,923,441,657,931,951,90,667,162,116,715,177,964,960,514,86,955,232,305,241,263,641,633,761,258,849,302,192,539,93,7,278,776,934,218,436,308,110,179,227,693,241,404,128,142,788,73,161,426,428,284,53,294,346,522,42,249,938,128,197,54,45,932,261,96,635,96,382,51,326,647,142,112,284,938,203,252,261,46,473,294,52,184,10,78,381,522,18,910,349,31,567,562,113,635,73,382,234,648,142,353,349,648,938,183,178,158,917,249,896,648,932,261,326,49,928,384,74,15,534,97,384,14,786,389,314,74,314,299,19,384,532,902,151,182,389,151,14,546,15,416,458,151,15,532,786,230,493,384
624,354,524,904,59,233,81,224,477,624,619,354,608,524,638,224,904,402,624,409,624,619,624,614,691,103,631,169,817,39,242,163,756,585,110,573,338,447,33,100,331,676,159,255,514,499,951,439,748,869,807,518,642,801,845,122,565,604,331,28,514,315,136,700,395,869,661,665,114,20,487,923,107,279,215,410,711,701,297,610,565,822,272,527,866,778,238,613,663,820,640,329,949,561,859,773,727,407,565,430,692,415,782,138,705,418,333,908,195,322,505,58,105,677,175,123,28,757,140,50,457,475,143,454,802,347,476,640,762,126,157,180,502,174,929,462,28,858,244,313,955,640,141,89,780,467,929,491,653,604,751,630,401,368,332,334,240,955,911,259,316,643,72,399,539,761,529,408,663,715,456,350,959,55,495,903,111,878,202,180,286,642,874,90,235,38,874,690,30,213,665,894,911,740,198,672,26,214,526,899,898,500,392,471,914,62,924,312,41,960,845,751,526,951,115,266,888,13,805,43,440,761,537,844,190,598,502,60,138,824,23,410,958,344,818,334,106,214,376,698,322,122,820,117,716,855,215,132,193,743,776,3,793,919,901,755,955,407,120,89,375,9,849,579,411,316,757,661,517,145,100,891,660,70,861,957,401,560,345,676,890,595,436,212,644,174,641,58,711,815,536,821,63,817,77,244,796,762,716,738,565,898,490,951,101,196,293,607,890,461,173,597,537,322,814,344,580,762,939,153,750,50,856,918,558,756,393,289,305,341,901,282,558,654,190,591,68,195,327,208,324,672,536,292,292,655,591,90,673,144,889,766,351,653,83,379,244,476,50,145,775,48,958,621,350,257,245,163,587,915,209,757,662,190,830,665,867,395,644,779,810,180,144,743,302,257,460,752,127,218,130,164,935,37,945,90,208,412,630,561,213,751,488,17,573,100,797,157,351,407,595,61,371,462,531,213,919,750,704,3,807,325,251,289,198,363,336,929,739,24,289,664,47,906,194,63,460,126,901,642,833,167,329,241,116,615,518,485,919,716,412,755,916,572,79,266,223,355,664,485,616,355,173,199,499,922,751,867,743,632,114,448,908,77,678,828,355,492,882,461,125,964,48,680,185,418,379,333,227,364,579,297,903,944,215,735,810,817,828,461,421,255,754,906,427,501,6,84,755,641,754,355,221,861,681,179,732,76,159,100,780,289,228,765,150,125,238,616,258,668,667,513,552,39,906,325,425,277,185,317,528,430,372,188,515,448,336,801,465,829,894,478,143,601,425,222,536,918,170,859,62,145,618,554,421,139,462,527,631,566,296,709,239,818,393,313,170,58,164,441,914,844,291,273,425,376,266,476,134,631,565,175,736,605,35,700,598,908,460,9,754,579,86,407,400,500,823,351,817,876,251,127,890,552,818,115,62,697,92,114,776,505,578,120,817,221,105,766,26,615,259,115,245,50,855,412,28,637,201,324,947,25,585,739,124,483,202,647,234,522,404,326,349,226,382,930,932,96,184,284,744,73,917,249,158,627,32,178,243,310,234,294,712,128,52,744,243,18,234,648,158,67,161,261,16,237,10,413,112,426,45,178,562,896,712,73,147,413,226,712,404,183,284,46,562,42,567,51,910,353,158,184,426,88,96,161,249,249,261,56,943,230,2,928,564,564,493,230,416,943,546,151,772,56,269,248,928,314,97,314,928,493,230,15,182,230,299,950,384,772,772,943,176,620
224,224,354,904,747,402,609,459,624,402,624,864,59,638,402,608,36,747,609,624,864,81,608,719,680,361,614,487,238,923,537,3,894,549,774,179,451,131,807,259,668,660,479,903,422,467,778,518,247,293,584,357,773,558,418,683,652,57,935,542,740,110,584,615,652,160,21,115,454,312,780,291,198,375,801,13,633,779,166,891,318,718,38,21,391,231,528,425,482,415,247,485,327,188,828,849,781,579,383,816,673,829,483,322,325,621,755,866,122,920,344,209,774,253,779,411,155,525,238,338,6,448,685,467,765,202,855,225,21,474,13,908,664,561,711,665,71,76,377,802,946,599,313,219,526,369,516,525,819,316,28,212,312,315,94,848,30,568,528,807,814,750,92,415,479,863,7,539,642,185,397,848,132,216,86,657,378,391,120,663,160,266,631,814,444,499,755,588,57,605,781,219,565,657,201,148,440,126,324,425,653,264,691,817,122,170,901,394,368,951,949,333,123,376,334,37,278,585,707,69,878,388,665,86,809,305,580,144,69,823,830,192,754,278,399,849,5,735,386,355,201,765,513,344,771,211,801,599,779,315,485,27,549,665,229,156,818,257,625,828,177,378,11,254,951,709,775,411,377,854,487,7,327,331,82,735,898,709,848,120,540,5,686,395,848,150,246,23,743,843,616,454,64,68,145,60,155,369,200,909,590,357,241,829,678,232,198,126,100,914,43,662,412,633,685,869,876,555,590,38,154,122,849,293,191,360,372,475,908,383,655,61,914,239,614,922,949,296,817,130,515,200,809,654,141,29,107,861,129,188,577,552,549,33,549,140,810,217,231,240,302,951,235,7,889,293,817,572,646,291,198,887,259,657,642,663,558,632,642,662,425,171,388,641,332,700,527,215,392,92,397,282,656,133,491,687,231,520,456,364,27,360,519,471,222,668,302,888,845,585,288,66,646,7,758,503,822,175,565,396,223,479,130,771,762,781,959,531,157,673,272,618,195,830,369,805,13,153,90,565,598,560,105,278,165,630,58,206,520,756,5,378,934,324,422,815,497,245,120,126,446,455,476,41,869,849,232,76,889,964,475,738,418,307,64,376,716,79,61,858,656,810,198,615,665,605,829,843,678,617,177,223,946,122,941,154,716,454,38,842,561,729,517,821,205,644,941,956,501,241,206,107,107,69,527,330,209,378,148,199,121,238,822,557,916,144,315,132,132,247,38,44,816,548,357,926,132,287,172,754,693,949,911,330,621,833,894,478,440,217,58,672,915,531,898,536,247,738,369,901,334,537,653,807,126,280,663,586,962,536,714,557,871,422,918,640,425,503,131,431,724,228,713,668,690,231,392,791,505,834,115,454,793,392,315,215,412,520,350,838,263,764,152,778,588,125,208,279,363,541,752,187,556,809,48,516,485,347,239,255,664,663,241,70,228,399,225,559,141,410,758,3,347,139,254,537,297,375,258,327,70,823,180,559,124,678,701,294,10,647,647,88,112,481,46,932,128,203,767,647,932,481,712,197,31,16,65,284,78,261,522,896,73,413,382,261,413,567,18,563,147,10,18,32,54,522,52,767,381,284,522,648,544,473,96,234,147,184,16,184,910,627,45,88,16,767,252,147,45,234,51,236,428,249,183,183,326,161,67,546,928,546,493,74,928,181,772,546,928,19,97,875,56,532,384,314,772,416,182,15,532,786,546,532,14,846,314,2,389,564,74,181,2,56
609,629,224,619,81,354,609,59,721,747,81,402,608,638,524,619,36,354,233,524,36,402,224,20,716,103,652,148,894,758,90,140,8,954,370,130,586,474,964,956,86,28,925,601,369,661,672,192,71,701,43,140,401,844,705,497,154,446,187,55,660,922,291,37,8,471,199,935,709,585,931,475,962,279,43,559,445,662,84,871,121,673,412,935,240,222,665,12,386,12,50,912,454,107,153,449,732,591,499,222,287,912,221,894,61,566,278,955,781,707,660,908,196,642,231,264,129,756,395,302,654,964,282,106,686,621,153,842,501,174,241,757,62,960,378,858,504,200,231,487,945,625,134,843,281,360,566,527,227,189,490,21,451,140,687,681,854,253,764,735,859,780,201,919,383,887,519,124,641,848,964,709,363,597,345,752,555,738,445,242,137,43,935,686,447,393,487,561,121,731,207,530,476,814,474,422,707,946,960,247,93,611,964,37,495,665,292,114,525,393,661,401,86,944,245,177,485,887,918,118,475,801,68,44,922,844,145,33,610,121,566,918,39,494,100,195,661,803,30,761,645,162,700,471,320,412,909,282,814,357,332,439,76,22,34,48,26,401,597,454,542,148,214,817,951,591,894,121,179,923,590,1,164,738,79,478,364,281,266,851,502,3,312,590,698,872,476,85,821,399,302,297,204,110,281,683,962,939,410,504,430,167,325,693,273,592,527,828,536,809,302,686,205,454,504,251,296,84,71,411,162,887,313,888,572,207,452,100,823,11,104,506,921,643,155,360,338,115,131,320,254,815,680,152,33,732,307,488,83,200,920,754,91,419,623,189,58,259,660,125,93,552,779,127,568,357,482,334,598,338,1,134,874,167,661,200,830,687,38,419,515,395,388,86,155,347,250,664,132,90,58,322,221,336,914,192,729,162,692,174,934,214,731,499,292,469,69,446,272,447,99,822,691,164,756,155,90,221,711,124,72,82,759,888,104,355,829,47,90,637,781,500,615,890,626,111,325,662,832,863,204,909,216,253,610,5,925,144,11,394,488,450,906,60,211,663,347,422,848,637,410,915,332,338,456,479,668,396,144,559,607,363,661,604,192,820,306,173,495,367,332,332,617,633,662,914,104,37,906,131,251,491,386,652,240,111,652,628,834,308,766,66,357,450,37,837,558,263,48,494,736,515,246,167,454,822,724,399,134,934,33,211,803,235,101,621,584,472,559,120,38,701,631,960,958,735,439,20,444,838,683,757,129,68,646,748,11,746,229,558,698,842,179,781,287,101,383,876,305,89,121,263,378,558,245,782,395,202,455,43,641,164,292,312,135,641,751,475,192,810,773,496,752,874,935,591,196,934,451,810,246,24,98,167,657,579,146,891,371,672,773,838,568,500,70,465,286,431,169,47,711,697,129,145,925,709,929,687,616,168,707,171,3,491,202,692,819,431,179,143,552,847,93,40,301,782,738,239,105,552,806,454,170,235,923,680,446,236,896,234,65,627,788,544,473,45,158,237,712,226,183,65,647,563,96,178,473,161,113,158,896,112,226,413,45,147,381,428,249,627,249,65,522,113,249,910,54,234,294,52,67,65,567,930,42,767,52,16,567,310,52,128,52,522,522,252,53,648,31,73,53,237,236,562,147,52,767,932,178,458,19,176,534,299,314,416,181,181,389,928,15,458,248,384,181,299,416,2,19,950,314,458,248,314,97,15,14,772,458,458,56,230,564,151
619,81,609,608,36,747,477,224,81,638,224,721,747,87,224,524,609,233,619,87,59,721,108,419,318,130,145,101,324,306,141,69,802,844,479,411,859,448,874,180,66,441,281,780,196,99,701,104,656,26,400,871,758,472,882,843,888,660,383,364,661,418,866,257,114,807,657,29,871,12,899,85,504,213,71,412,801,312,797,180,320,124,615,209,947,663,325,901,886,94,791,421,766,324,654,687,27,377,231,240,631,302,611,782,106,145,584,661,916,431,119,775,104,47,127,368,692,848,300,378,577,219,447,901,832,823,281,628,217,748,105,819,11,211,565,642,301,738,278,954,286,350,91,121,909,819,939,333,817,232,28,660,123,289,266,791,306,210,58,709,716,807,225,488,922,501,173,92,165,241,632,160,643,926,253,761,713,539,945,766,76,456,667,805,436,39,889,134,830,454,615,951,690,672,206,205,100,177,779,778,954,539,150,39,100,13,37,685,132,376,401,542,169,707,585,856,325,935,279,446,193,941,291,106,92,677,64,790,815,603,756,420,685,84,400,419,727,828,145,50,391,400,501,871,724,247,177,124,506,196,951,196,558,170,867,22,474,287,780,494,802,528,888,621,208,202,94,50,820,872,100,130,179,625,579,27,415,727,379,592,62,332,724,241,885,120,84,152,829,911,307,305,748,663,76,640,485,144,386,116,776,399,654,665,235,518,668,925,887,334,50,633,632,504,578,652,460,921,29,552,448,316,614,140,92,607,485,929,711,317,144,628,33,157,378,399,592,602,410,208,21,488,168,847,131,388,30,585,861,555,758,179,601,494,625,372,95,664,17,444,361,140,832,154,529,189,72,471,705,832,347,313,391,169,278,216,891,690,941,847,802,759,686,901,465,820,172,395,560,597,251,141,597,527,400,475,255,472,559,386,123,876,668,598,68,537,288,186,705,849,110,935,130,361,613,291,630,472,430,530,6,536,241,220,654,743,313,729,273,82,577,122,504,460,156,100,341,30,89,21,360,179,810,167,773,344,645,832,858,526,861,922,193,100,446,280,755,27,452,954,882,465,240,899,318,347,399,848,258,935,218,637,308,138,625,180,395,60,916,859,869,461,28,33,397,628,170,131,580,886,123,610,504,24,392,95,954,630,445,165,68,198,145,718,211,614,264,919,140,214,280,668,449,3,70,615,241,919,765,887,171,98,869,266,279,929,363,960,93,716,580,683,301,253,643,204,683,264,123,637,327,642,238,456,305,431,951,165,288,125,156,580,420,287,867,297,50,324,820,506,292,279,250,869,77,266,678,518,440,289,175,832,130,407,154,114,924,844,755,643,912,915,698,580,141,782,964,286,697,673,378,478,446,194,308,673,258,172,448,75,392,82,206,655,272,307,101,604,169,591,488,578,412,76,279,906,257,211,371,152,536,791,259,815,392,280,227,239,4,536,148,368,164,345,4,709,677,195,797,120,704,632,844,25,239,935,72,346,261,142,252,67,234,16,648,73,294,183,249,353,562,563,932,237,562,32,648,54,346,353,635,147,128,647,31,712,142,284,243,161,326,648,65,183,249,426,346,78,567,932,46,197,563,522,647,413,562,67,932,53,938,930,382,31,428,16,158,938,249,183,113,178,522,326,382,349,562,178,128,902,181,928,384,875,875,269,564,176,19,56,389,269,15,74,151,14,564,299,230,182,182,14,19,564,2,384,56,902,74,493,943,546,534,950
36,638,459,629,354,638,224,619,619,629,638,409,619,81,721,81,638,81,59,402,477,409,224,418,630,956,134,391,964,5,911,755,447,327,903,478,177,803,33,668,133,819,759,6,527,752,822,653,830,931,914,94,221,58,585,206,625,680,125,274,776,34,281,814,4,240,63,247,235,640,566,957,525,716,960,756,43,168,592,301,891,29,501,539,588,144,194,541,718,955,554,3,131,372,452,13,856,7,885,834,21,400,890,218,851,378,935,418,82,778,217,47,140,759,709,829,320,136,407,100,876,307,891,7,40,919,152,156,201,419,446,430,514,274,660,487,832,55,3,451,691,70,95,449,871,587,215,476,448,778,640,916,116,372,427,934,259,815,861,188,530,361,62,915,592,729,919,281,279,198,273,227,765,25,559,866,758,336,205,148,202,209,148,95,711,662,686,427,501,313,325,110,189,229,625,945,351,939,847,286,79,334,577,280,923,179,655,758,939,239,579,58,219,599,173,960,603,503,209,194,539,264,450,921,869,779,199,160,920,926,35,259,595,845,345,830,626,838,810,195,714,775,878,377,12,102,187,218,821,169,204,908,715,215,280,201,50,84,364,887,882,616,631,604,925,773,561,631,204,103,773,651,278,469,350,157,631,518,819,3,24,305,196,495,138,63,152,114,98,476,497,324,603,137,805,254,179,526,361,355,715,232,48,584,499,399,3,214,663,920,292,95,757,888,111,716,815,774,603,657,92,215,878,516,909,603,885,590,698,30,947,146,229,462,137,955,333,38,345,631,640,809,394,202,375,572,145,716,204,874,93,386,238,371,891,748,449,457,518,814,790,816,667,941,278,610,918,186,874,308,676,541,494,588,462,211,307,597,915,598,542,755,455,86,89,559,931,832,830,291,101,889,955,618,690,216,120,114,102,714,944,148,179,676,145,580,35,344,401,672,383,369,215,549,455,345,719,317,425,585,779,115,282,282,400,251,764,127,35,192,807,189,313,832,22,168,653,791,715,84,60,191,796,517,654,90,525,560,172,714,949,478,138,189,216,872,899,92,780,324,439,7,368,188,663,325,680,455,281,782,316,597,506,84,926,691,27,239,944,921,114,264,573,959,834,33,86,372,190,610,640,206,517,93,764,915,520,372,102,501,607,396,580,552,478,478,810,898,86,168,677,830,440,944,560,101,448,704,925,439,657,278,844,136,871,496,774,651,89,782,918,490,423,124,122,89,467,906,823,559,707,225,163,66,847,832,899,906,119,173,334,557,572,331,946,485,421,488,909,616,196,201,537,280,425,572,805,194,766,929,367,100,698,396,867,833,601,137,803,163,601,557,369,719,540,618,465,863,739,874,93,357,8,135,332,62,816,851,756,959,177,517,869,497,641,191,871,223,212,462,367,393,542,514,542,830,590,116,946,164,803,806,782,557,29,34,912,421,444,440,11,278,482,526,579,561,3,95,392,929,955,793,713,139,475,487,185,910,562,249,46,73,712,237,226,917,767,284,249,381,158,16,635,236,46,18,236,73,197,147,481,54,142,712,88,226,16,184,51,249,917,346,183,910,473,31,10,627,627,261,249,18,473,562,184,261,236,346,473,147,42,178,51,226,261,284,310,53,236,562,18,627,910,648,10,346,647,896,42,181,943,49,248,950,314,532,314,902,230,14,875,56,269,564,56,458,384,182,620,97,416,564,15,176,564,772,176,56,564,181,786,19,458,564
354,638,59,864,904,624,721,608,87,36,233,87,721,224,409,608,904,624,354,638,233,36,524,541,200,179,370,685,555,48,776,488,229,215,423,3,572,399,55,820,211,502,497,824,124,908,727,163,332,100,926,748,613,584,186,375,280,83,514,816,194,408,170,588,505,743,58,700,499,776,216,774,77,239,125,431,515,580,924,210,549,431,773,660,756,519,231,160,764,95,75,866,908,247,219,504,450,351,127,89,776,63,859,848,43,592,537,925,43,714,467,244,574,740,369,552,215,478,377,418,221,329,618,823,752,44,76,630,844,901,122,156,602,491,761,242,313,834,220,531,83,727,369,525,121,216,133,617,205,28,66,945,849,345,746,300,308,848,548,585,483,810,368,188,76,507,76,187,63,729,436,143,790,603,77,300,922,586,729,157,86,529,951,11,568,33,210,157,843,155,195,168,43,844,25,166,761,782,580,293,803,678,959,661,556,513,219,954,560,70,944,536,228,746,301,885,944,90,305,903,153,39,642,235,686,291,223,446,388,408,507,955,673,322,369,324,150,432,231,505,138,781,495,255,820,516,84,736,844,121,12,281,488,856,632,955,24,246,165,490,585,452,370,920,644,172,174,116,711,590,330,331,598,709,855,286,397,487,165,716,912,211,919,5,560,856,739,465,130,47,312,440,949,287,888,218,921,693,170,103,7,922,574,131,935,922,432,63,79,956,731,894,891,499,132,29,921,683,274,859,935,552,194,214,297,617,901,133,360,465,566,584,802,805,450,735,40,644,313,26,500,887,425,102,24,805,305,704,172,519,120,871,774,844,604,264,305,245,334,17,336,667,12,685,221,964,614,756,330,527,136,136,686,258,136,155,587,676,29,68,119,160,935,370,207,597,286,436,602,330,882,586,55,492,672,47,520,714,352,911,421,144,330,89,530,584,762,90,367,654,519,592,806,610,98,79,704,492,643,347,199,272,420,517,322,217,43,180,306,296,820,955,206,898,66,37,718,159,613,886,212,605,756,955,475,198,503,566,782,331,241,345,297,781,490,305,250,540,82,644,235,392,360,924,520,495,274,117,690,686,415,219,23,561,272,325,707,41,755,644,6,395,611,157,854,152,69,440,574,122,889,205,79,663,495,99,452,322,130,483,273,144,89,858,61,166,851,138,286,240,579,686,363,874,554,559,1,117,847,823,599,168,519,931,517,119,201,223,289,277,360,244,718,344,845,665,223,584,597,462,364,103,754,130,517,192,23,1,519,716,598,436,516,601,238,515,333,807,199,885,539,626,154,154,626,63,664,240,297,552,392,371,40,465,102,1,888,590,82,954,412,882,273,951,867,4,842,50,431,134,843,360,735,645,316,643,7,347,174,637,444,439,646,371,854,945,218,516,848,640,588,351,144,41,556,287,732,228,454,494,190,851,577,855,104,944,637,288,396,908,766,201,408,646,818,430,50,213,140,35,392,776,899,154,503,242,368,294,147,51,647,88,112,45,10,346,42,744,243,522,567,544,183,353,563,236,67,473,31,647,184,54,635,252,53,932,788,562,88,426,413,10,522,353,896,32,426,45,10,930,147,252,744,52,426,294,938,128,142,158,65,910,563,243,142,73,128,310,183,567,78,183,252,128,938,938,237,73,647,74,875,772,786,532,534,458,269,15,846,546,176,182,176,564,875,56,943,15,248,786,875,902,875,786,546,950,314,74,846,19,846,493,928,620
81,608,233,36,747,224,609,624,524,233,402,619,224,459,864,624,864,233,608,402,619,608,459,420,621,731,86,63,568,221,824,558,439,748,369,500,667,192,370,408,771,313,172,615,906,194,320,202,456,960,472,136,135,578,115,588,194,33,715,462,194,739,500,837,110,286,308,495,146,334,172,308,227,954,216,572,185,201,829,832,578,548,539,960,352,527,68,446,643,542,568,623,167,823,700,711,255,502,705,494,41,467,844,549,246,832,422,472,516,156,198,740,20,555,748,251,513,921,377,693,302,598,531,315,886,611,325,616,410,843,803,157,169,683,392,194,780,187,163,415,537,626,824,465,771,537,277,361,50,5,293,775,317,250,715,452,152,475,617,391,557,5,797,817,774,755,625,259,869,960,200,690,962,199,856,144,519,914,419,371,941,845,395,793,116,272,17,732,882,369,329,199,119,876,61,898,412,325,50,834,476,655,834,254,810,57,35,364,595,848,196,819,485,623,790,287,731,205,451,488,228,266,63,805,931,217,419,507,610,483,306,246,408,71,660,447,405,280,677,391,718,526,455,757,922,616,331,719,916,956,254,64,460,83,90,104,461,474,958,446,908,104,588,388,33,171,209,247,630,848,48,394,616,391,727,43,292,12,79,878,542,89,854,530,422,114,220,528,324,956,801,474,483,906,781,691,507,207,700,456,396,845,623,172,320,764,79,86,964,849,452,231,210,539,810,407,614,863,102,561,140,217,110,195,750,292,487,921,663,756,640,396,186,229,450,960,94,185,383,93,154,549,5,890,755,548,232,462,838,475,668,926,803,9,325,790,843,527,809,143,573,132,519,487,678,876,92,37,185,461,592,715,220,132,858,11,307,148,263,206,43,281,150,423,44,312,369,667,218,882,528,352,307,317,175,436,912,925,698,888,487,603,8,241,625,822,355,845,167,192,451,833,148,475,119,447,709,111,461,665,393,247,501,491,205,169,911,678,959,474,461,17,568,718,872,347,946,450,854,758,773,947,231,396,225,748,418,573,23,644,48,221,231,911,626,191,657,472,421,408,828,584,202,832,854,281,172,95,192,68,552,628,922,934,651,215,324,731,193,885,423,668,949,115,439,655,444,173,610,11,451,154,911,912,685,849,368,306,227,100,554,876,918,882,847,527,724,678,17,393,376,506,22,488,654,500,24,154,392,199,495,849,700,162,341,325,690,57,170,92,33,471,578,215,705,731,549,517,229,782,637,105,347,338,715,39,816,259,899,637,281,420,663,633,939,118,890,306,844,646,855,539,574,677,117,743,861,352,584,618,194,709,110,816,714,12,117,633,863,190,504,640,361,318,440,946,114,822,446,921,640,155,773,829,740,765,452,296,129,632,820,174,201,796,762,579,548,654,218,107,37,27,341,394,322,155,732,302,401,944,915,125,211,167,518,549,662,288,485,738,333,854,280,796,204,194,223,568,393,63,75,681,27,47,781,179,425,32,65,428,161,294,45,73,54,197,910,326,562,261,113,413,203,382,428,381,54,326,16,237,647,234,563,647,42,522,627,326,184,788,45,310,917,73,261,46,252,128,42,96,236,113,226,16,744,522,65,767,96,18,382,65,426,294,73,54,183,128,52,203,635,53,261,627,10,78,249,237,426,458,384,182,56,248,314,620,875,299,384,532,546,458,772,493,493,786,49,943,772,389,772,534,902,2,14,534,534,928,97,875,15,546,230,97
36,36,402,354,233,524,638,409,904,233,477,629,354,619,721,619,619,629,354,81,524,402,36,192,92,190,94,889,175,246,885,746,587,625,199,72,542,425,591,715,11,837,632,793,599,599,25,165,456,325,655,916,461,518,869,667,842,422,450,791,815,58,95,318,213,837,807,574,610,117,102,617,935,560,160,956,709,396,156,616,288,579,35,26,687,776,818,497,456,911,247,677,422,631,4,623,202,167,325,558,175,623,644,210,876,823,47,739,368,662,774,191,617,212,652,851,282,854,469,945,171,687,412,136,189,144,156,191,580,732,441,22,803,843,146,208,327,100,338,287,39,761,765,189,146,793,450,964,99,145,325,361,960,167,457,793,212,773,400,874,164,386,731,677,259,375,222,322,490,915,731,497,450,837,871,229,289,410,469,914,766,586,395,475,655,272,259,297,185,554,217,887,308,1,407,947,244,560,201,711,856,137,29,423,776,613,126,572,475,242,430,132,332,724,678,697,154,410,751,168,250,888,838,790,505,504,655,395,153,643,536,105,153,241,118,869,931,641,410,677,215,540,819,450,29,291,3,188,757,761,882,407,291,716,764,814,396,738,906,652,632,915,179,105,923,729,341,692,488,301,199,861,643,187,148,302,922,501,845,83,352,141,590,560,739,63,144,766,485,915,585,25,430,962,848,325,912,405,38,592,85,803,573,210,190,676,765,411,280,79,352,452,949,929,876,704,11,205,920,691,843,911,396,439,641,425,180,355,393,714,12,405,288,810,527,448,22,499,817,322,292,613,425,386,361,615,313,368,823,607,806,318,246,838,539,718,48,495,361,790,331,716,169,43,450,876,781,72,166,253,330,738,637,388,655,656,336,57,923,30,174,946,597,188,263,660,935,517,124,177,263,239,557,277,555,525,588,573,817,105,219,944,496,106,773,148,193,643,502,557,64,495,809,540,748,874,519,577,610,198,104,595,134,657,216,146,698,351,487,847,566,6,64,899,68,507,255,485,828,584,219,713,514,79,796,85,525,324,661,246,548,640,951,552,820,143,934,960,456,146,934,35,355,739,214,325,104,496,654,200,765,815,40,102,297,131,756,632,775,377,222,686,517,317,882,72,445,631,780,79,446,956,762,945,642,418,238,849,668,687,327,136,475,552,208,155,376,13,408,392,160,427,93,198,665,150,64,736,431,47,205,274,618,95,322,503,357,378,445,759,302,107,527,422,591,718,188,859,159,60,631,325,194,707,793,692,807,707,313,364,165,756,264,577,566,925,154,878,678,291,369,170,135,554,653,566,235,194,383,782,759,199,185,817,848,368,191,911,643,700,33,482,192,657,165,751,707,502,168,711,165,488,27,711,529,312,746,678,120,1,690,573,116,641,305,288,778,623,253,687,556,204,817,62,241,431,20,889,724,448,960,25,341,645,945,50,552,223,698,127,475,911,661,105,718,700,17,280,882,427,136,423,700,891,86,277,327,10,326,428,896,113,226,310,413,243,31,18,249,910,413,249,261,54,16,294,261,353,53,18,294,52,917,147,112,522,51,567,426,349,744,178,284,249,627,236,744,51,158,46,113,910,404,563,54,226,243,346,413,567,147,562,183,426,249,567,426,183,627,481,78,54,648,404,51,31,128,294,197,19,902,384,532,950,532,269,248,176,950,314,19,546,564,49,248,19,182,19,928,902,56,620,950,19,97,846,875,846,532,269,230,786,384,2
608,747,638,402,624,81,409,233,609,638,354,402,477,608,233,619,354,524,224,409,638,224,402,765,93,126,832,189,680,347,736,177,843,828,815,579,820,847,26,530,333,882,711,152,204,91,246,152,842,320,574,610,964,441,440,222,368,525,186,341,386,421,882,126,47,920,82,352,217,791,405,370,214,130,542,642,820,300,277,121,25,317,198,828,503,497,160,572,605,253,22,332,526,251,150,918,34,691,874,922,797,530,790,487,652,746,685,332,423,916,491,637,891,407,889,274,765,240,436,291,472,188,494,325,929,207,843,94,137,854,585,531,279,771,822,418,205,740,420,401,886,637,55,162,757,322,919,665,874,171,903,911,947,962,819,377,844,604,814,422,664,714,150,843,439,500,332,170,289,829,859,259,580,33,62,949,198,251,572,122,491,791,959,806,396,134,322,60,20,114,396,280,817,28,420,941,752,448,732,806,5,29,633,313,278,542,758,26,574,91,187,759,817,127,949,279,448,859,732,371,170,83,22,919,876,454,845,286,63,714,651,478,888,254,37,488,818,891,613,60,510,491,6,778,212,529,193,165,822,215,805,336,383,22,691,7,210,549,40,357,241,400,809,625,70,282,43,229,44,30,418,355,85,357,727,625,561,778,117,213,483,908,607,180,848,520,272,655,13,166,395,469,43,914,941,607,218,334,574,274,94,724,322,372,444,123,654,502,761,672,192,239,517,925,217,423,691,824,110,603,399,903,834,814,631,909,591,490,33,715,350,17,259,843,244,155,499,400,235,958,610,30,227,110,77,218,94,386,171,212,363,172,664,25,300,959,41,715,673,171,126,163,332,141,677,764,334,333,615,446,24,637,218,801,245,132,819,159,383,460,899,35,502,958,21,229,12,95,177,264,889,759,472,391,921,845,347,946,871,628,163,599,253,926,718,891,856,959,894,822,573,802,922,752,11,743,327,376,548,33,692,71,886,502,228,84,894,190,104,12,809,254,460,364,817,861,289,492,934,584,914,191,625,580,180,40,611,645,143,331,603,558,412,908,782,41,150,888,503,828,641,401,336,220,393,273,13,947,137,661,519,329,58,587,954,588,102,616,195,201,138,491,205,460,815,206,55,228,239,901,915,131,707,885,145,617,715,960,11,834,446,450,494,3,796,719,837,129,186,585,947,156,228,186,759,597,122,898,954,166,736,698,209,871,114,700,39,918,117,430,465,116,211,687,469,602,690,705,119,871,781,482,821,258,924,391,104,386,111,867,28,280,202,344,775,253,341,517,727,251,595,287,95,451,388,378,72,704,746,618,131,515,748,29,697,279,199,499,111,318,588,102,446,501,925,623,60,525,732,322,258,719,62,554,103,103,471,914,347,134,487,169,707,456,214,306,363,196,386,125,954,807,94,912,213,958,847,405,291,162,819,125,43,607,918,540,22,242,410,281,47,678,485,250,68,750,258,162,250,448,156,714,91,255,165,526,138,930,147,481,197,52,326,567,788,481,428,382,45,10,744,563,284,404,326,635,42,249,237,353,744,237,88,648,54,567,184,381,567,147,481,128,567,203,54,481,42,16,481,382,284,788,326,197,161,544,42,326,16,178,31,544,353,261,346,78,46,234,236,932,96,712,32,252,203,712,128,10,712,74,182,181,564,943,458,230,181,943,19,15,181,15,248,875,493,230,97,950,74,384,14,416,230,299,772,384,15,314,875,493,902,97,15,546
59,402,608,459,608,409,609,36,609,608,36,721,904,233,904,629,108,59,608,81,638,638,608,118,586,372,866,30,57,630,740,26,400,194,657,43,363,887,923,144,364,485,510,259,39,931,891,407,859,296,4,27,101,476,272,302,168,30,590,882,160,204,655,296,921,273,678,448,912,867,411,41,462,446,912,641,369,559,602,7,591,766,99,264,364,371,146,92,371,83,71,124,399,866,423,502,814,603,180,286,605,241,127,369,90,85,168,941,329,642,317,729,202,220,318,39,838,697,302,117,133,89,11,476,116,915,591,613,133,242,858,925,718,939,754,98,196,64,611,962,24,727,207,585,874,955,515,558,705,327,829,441,307,101,673,738,99,924,392,599,196,91,6,305,397,11,677,316,318,664,676,807,526,698,903,148,21,951,444,419,388,591,286,632,501,39,449,350,126,418,661,137,578,206,939,776,898,131,495,667,274,379,159,448,41,235,430,704,84,40,213,890,925,111,22,888,134,736,519,420,793,781,568,221,525,392,729,762,901,447,222,921,350,476,858,196,756,751,315,849,92,13,229,199,13,587,351,561,445,370,28,678,488,821,925,471,891,541,559,24,832,179,526,136,610,806,561,549,6,851,652,530,22,554,282,549,779,119,152,861,683,740,231,131,120,136,947,951,114,866,300,367,631,921,901,605,171,111,229,85,591,48,945,686,23,628,293,771,631,119,126,85,828,685,837,750,300,145,661,729,949,120,444,122,64,462,30,242,388,40,531,364,100,9,422,482,632,23,449,427,595,119,842,555,461,315,646,614,263,861,958,607,33,681,431,191,245,395,588,931,307,148,33,288,856,114,153,132,229,255,297,485,37,776,105,446,449,944,588,292,185,143,371,578,422,752,278,217,613,114,516,526,541,926,876,167,393,665,465,449,198,133,597,462,333,919,621,866,586,886,495,34,372,93,807,514,361,715,105,99,615,623,642,327,474,578,231,41,530,653,63,331,305,660,222,505,244,216,350,450,110,378,814,752,858,218,691,372,125,676,661,714,513,588,479,661,960,641,483,537,454,718,231,680,834,38,397,630,474,210,289,882,714,585,395,175,656,807,5,653,383,842,307,322,590,807,580,754,306,906,34,172,139,471,9,821,76,515,449,111,324,75,667,68,388,191,644,801,964,368,882,843,766,911,122,805,878,383,257,144,616,882,30,701,247,408,955,168,241,360,678,828,914,944,90,205,240,697,217,954,631,423,199,605,29,939,173,668,131,516,82,518,58,610,383,867,631,370,465,436,26,939,566,925,876,957,376,247,527,776,289,488,790,27,731,190,487,28,386,259,192,776,925,122,102,263,376,281,793,844,69,11,166,697,886,118,691,239,664,492,894,632,958,30,814,791,750,572,347,911,762,517,141,302,764,561,11,219,677,764,185,189,807,125,227,807,874,958,626,657,318,765,307,761,519,392,9,715,818,949,62,685,28,499,830,360,430,294,938,426,142,197,284,236,788,161,67,428,562,627,346,249,249,88,635,404,349,635,10,788,10,349,10,562,234,88,16,65,712,326,382,404,16,326,158,413,310,18,284,18,381,161,158,635,413,18,203,326,544,930,310,53,522,896,249,932,52,938,31,226,426,249,712,896,51,563,53,349,896,74,176,416,389,534,74,786,56,151,56,248,56,269,943,299,846,269,846,786,15,182,56,786,786,299,875,943,2,14,74,181,546,786,74,269
624,721,638,624,81,638,904,609,59,402,36,233,638,36,87,36,619,233,747,459,624,609,402,115,705,58,62,605,48,816,541,514,199,660,754,422,253,120,729,915,360,623,555,956,210,55,199,228,693,425,254,714,25,213,367,740,86,4,95,94,756,22,851,657,257,500,55,440,859,476,26,516,131,266,350,116,25,60,34,586,531,401,611,212,701,170,643,901,168,578,465,507,186,469,758,150,225,277,662,584,809,495,301,11,891,802,386,334,427,773,214,625,245,530,677,577,291,355,254,911,921,180,709,588,758,847,368,872,537,8,790,898,752,886,83,322,278,455,25,7,536,133,217,956,615,736,101,86,517,345,843,796,815,258,554,474,752,448,945,849,894,951,448,207,394,377,452,302,941,190,447,344,899,756,554,35,76,718,633,77,764,793,838,815,957,383,439,33,631,746,367,27,903,388,916,448,3,229,561,50,793,773,92,821,238,651,687,107,858,541,208,866,479,132,776,732,960,76,921,355,444,743,947,378,584,882,292,320,120,83,101,698,119,939,451,327,603,222,187,258,143,837,251,175,344,206,657,796,155,935,162,245,692,3,116,837,192,690,781,320,476,101,432,217,601,500,228,646,37,61,370,731,611,297,604,26,107,614,210,292,642,102,454,817,807,739,305,231,114,133,204,690,164,664,401,460,803,560,383,401,223,607,22,82,735,207,455,515,301,585,962,68,555,560,422,687,502,929,217,761,98,592,133,790,421,599,132,196,633,496,505,805,739,849,676,916,465,165,133,842,735,191,517,244,801,711,906,863,316,482,400,945,257,496,360,568,752,71,166,843,959,912,439,92,297,58,258,37,427,209,135,858,242,152,200,255,198,956,238,520,959,565,886,22,257,8,592,231,945,849,24,238,568,611,281,529,227,617,11,625,843,587,637,474,125,757,871,882,472,586,13,837,672,205,330,213,305,156,781,537,876,25,106,439,175,585,654,212,891,244,946,188,912,801,371,809,541,208,68,50,882,874,529,91,908,626,85,472,863,144,497,202,861,775,919,111,759,22,915,587,223,196,886,778,332,192,806,496,153,603,119,815,47,901,527,518,662,239,102,357,441,924,83,807,300,637,924,205,618,631,118,738,956,363,1,898,901,954,111,572,82,885,363,394,174,495,591,822,245,677,376,759,99,882,906,697,451,863,815,727,861,559,312,172,21,251,494,282,680,599,92,350,542,866,801,66,331,499,1,180,665,55,714,552,41,778,444,957,423,657,195,325,111,396,496,228,568,118,153,611,962,528,809,332,70,485,797,604,293,454,554,803,264,758,110,701,254,89,92,85,27,84,48,58,461,228,279,621,372,701,876,72,239,962,537,301,186,44,66,169,849,471,578,664,293,556,748,833,30,618,117,497,33,549,329,140,145,871,643,586,272,264,513,469,155,715,220,138,542,363,28,774,732,127,778,206,821,709,421,663,322,63,456,656,517,855,704,294,18,147,42,16,234,113,428,404,46,234,183,310,382,896,381,237,294,473,252,353,46,197,473,428,16,712,938,788,627,183,183,481,42,18,32,51,88,96,404,128,128,404,16,413,53,128,236,78,522,562,381,67,284,78,46,744,147,567,183,65,53,284,178,243,128,744,346,544,284,178,128,532,14,772,299,534,416,182,56,493,176,314,74,176,534,564,248,620,546,15,384,532,458,532,902,56,928,15,928,49,875,875,902,943,458,389
608,608,36,638,59,233,409,402,608,609,59,721,402,224,721,233,608,608,477,721,638,87,36,450,376,106,58,396,939,578,152,914,889,431,213,921,598,462,336,200,797,246,946,420,673,941,420,501,441,82,914,876,925,44,830,272,559,241,740,494,945,630,436,866,425,452,919,213,802,227,350,656,677,693,748,324,157,925,605,168,215,751,423,603,379,819,598,423,206,482,476,574,441,914,408,474,322,143,289,691,605,66,179,861,947,653,655,264,20,411,541,882,219,467,157,313,727,871,68,315,152,558,731,9,205,301,791,57,351,136,102,165,898,790,906,476,803,332,282,400,444,653,697,672,834,934,341,238,587,212,150,906,668,664,27,809,61,618,60,272,306,27,338,805,351,623,845,844,834,329,452,172,22,145,288,302,396,842,70,214,57,62,312,912,239,711,887,302,117,460,83,220,148,455,502,586,656,332,410,312,148,351,345,312,872,469,308,399,642,445,705,587,259,289,214,791,530,91,496,450,136,887,219,185,701,475,455,206,677,781,578,130,41,602,92,397,488,452,440,277,816,29,727,119,664,378,662,347,664,580,558,180,84,891,201,102,277,623,273,899,154,179,677,819,824,401,297,818,719,206,423,945,395,676,906,816,195,186,504,823,861,138,432,333,12,135,293,61,451,213,238,452,450,494,71,886,131,849,306,672,869,554,724,678,526,605,228,919,441,386,118,951,807,592,956,705,186,341,651,866,505,425,302,436,542,623,307,474,439,313,586,537,672,541,549,655,499,889,517,597,526,455,308,693,4,7,925,277,386,258,100,127,686,579,504,235,411,889,716,25,251,580,13,755,242,640,222,199,220,471,482,193,40,211,371,565,422,762,660,60,460,874,370,83,743,245,79,956,821,77,350,957,837,732,797,557,560,615,654,683,332,869,123,899,843,887,306,949,411,130,83,845,672,738,906,331,611,89,490,289,849,313,350,623,192,678,425,775,41,401,939,479,76,82,281,55,251,485,528,665,238,322,673,165,743,584,159,700,154,456,743,556,645,63,124,57,99,211,145,806,790,591,497,202,104,152,644,166,377,630,401,191,739,633,6,191,801,191,115,8,901,391,755,232,882,882,911,527,296,514,916,159,603,832,499,6,765,40,347,251,168,211,655,392,286,807,190,872,604,871,580,765,504,232,448,654,446,318,766,572,355,72,223,574,960,681,456,338,89,188,678,206,890,34,821,300,478,954,187,525,394,954,906,44,736,449,945,630,136,756,517,264,239,707,709,33,454,743,878,327,611,264,100,287,29,160,324,598,887,383,664,82,842,588,920,492,701,901,383,504,759,496,475,652,856,751,264,527,329,693,166,886,923,391,921,215,410,157,89,762,918,421,762,487,71,245,652,462,418,322,66,57,208,962,697,214,863,676,117,57,377,791,30,832,377,11,465,491,273,885,842,139,25,901,667,175,929,132,379,215,863,188,126,318,241,782,719,404,147,744,249,203,31,184,896,563,932,31,197,382,938,788,346,522,112,473,562,353,52,32,294,284,203,46,788,53,178,917,562,161,142,178,346,428,67,249,252,53,10,78,237,52,326,65,563,767,184,31,51,294,767,917,51,65,930,544,16,234,128,142,353,18,567,647,353,284,78,45,382,875,416,902,458,786,97,74,248,389,56,230,176,15,14,493,416,943,620,74,564,230,49,248,928,248,15,950,384,875,2,56,458,74,181,546
624,624,409,409,904,354,233,81,524,402,59,59,224,108,638,747,864,624,609,864,224,36,409,177,924,63,77,832,450,168,707,286,847,216,307,95,254,623,709,215,11,939,504,908,250,472,264,37,854,487,347,578,945,282,201,876,672,646,618,668,347,641,120,574,755,469,691,903,631,100,264,906,118,253,241,244,548,460,644,633,559,876,17,704,336,807,663,30,885,422,410,790,229,391,338,397,196,757,837,104,450,220,637,238,445,819,863,830,665,467,296,824,822,462,370,40,598,277,652,814,809,316,133,64,173,95,656,98,312,956,611,222,208,906,743,507,500,107,833,375,834,642,908,445,560,334,951,653,843,145,43,482,38,257,244,707,960,13,143,958,441,144,369,924,515,941,163,257,643,628,908,743,667,631,312,625,822,280,935,43,501,657,640,377,916,954,517,279,704,876,707,654,103,13,246,117,219,159,861,488,7,69,631,618,94,37,163,134,926,882,372,238,517,121,99,104,37,614,219,12,370,922,223,106,211,140,556,110,467,890,819,101,478,497,47,104,819,273,121,586,517,370,497,764,847,549,894,24,496,700,656,127,22,98,432,334,908,935,645,361,613,194,743,908,510,408,207,615,797,400,418,574,139,117,912,697,858,288,89,718,48,494,153,748,555,926,530,92,159,345,137,219,238,155,944,405,502,866,691,24,57,894,193,205,818,241,34,199,653,501,281,572,394,663,568,325,419,618,848,92,400,676,677,578,394,560,180,312,207,687,520,455,58,360,144,778,613,803,401,764,62,105,814,934,714,297,748,399,613,27,707,908,4,334,681,205,169,152,849,347,766,305,172,26,289,555,654,746,809,367,92,367,916,765,210,322,587,118,613,829,462,229,436,844,738,653,291,697,212,145,355,306,505,959,729,874,306,58,364,718,945,866,821,584,819,103,467,748,588,352,377,71,483,115,106,241,506,137,471,127,422,201,212,12,601,580,352,166,845,449,5,580,719,771,110,539,505,776,474,279,119,41,461,515,27,613,357,214,922,301,446,106,167,941,324,781,263,163,106,133,401,754,445,931,370,843,531,519,817,235,205,132,238,200,869,871,115,504,782,711,898,190,758,548,819,584,536,141,704,48,939,68,558,613,394,516,506,514,806,393,115,878,26,289,133,278,628,21,797,119,588,281,135,208,320,251,964,832,360,847,150,229,331,258,169,920,444,939,680,474,655,331,408,286,552,465,817,611,82,407,595,211,135,26,344,667,327,209,98,834,517,425,58,700,105,514,709,279,652,797,171,85,307,375,75,602,901,518,872,41,277,536,393,810,602,83,806,568,222,286,11,121,360,651,962,628,847,655,448,422,24,253,660,704,909,207,441,228,258,739,264,724,715,392,859,209,810,529,683,944,452,478,153,427,460,621,127,393,762,29,63,219,263,515,485,396,207,779,82,690,338,23,136,245,273,324,20,830,960,454,623,758,280,801,33,621,125,544,178,473,161,16,249,51,522,18,113,234,53,113,910,426,426,161,426,544,53,32,249,767,96,284,744,428,562,382,349,16,938,648,294,197,896,428,563,158,54,404,349,252,31,788,51,128,473,932,294,112,52,428,310,381,67,648,413,184,522,404,183,32,16,346,938,158,910,197,73,178,346,564,846,384,182,928,2,384,458,786,786,74,389,182,875,14,56,950,875,2,269,49,74,772,875,56,902,875,15,56,269,15,97,49,534,384
624,81,721,354,477,629,409,609,233,233,59,619,224,619,721,409,409,477,608,524,233,609,864,502,842,431,201,190,818,911,655,499,327,861,801,866,764,102,210,129,531,278,196,736,586,278,330,172,707,765,94,117,86,38,818,85,146,399,655,297,536,643,503,832,361,599,439,436,70,58,920,915,856,899,821,651,819,76,716,133,132,41,144,683,615,153,640,964,207,476,222,363,186,662,756,911,525,837,510,632,360,95,153,277,40,817,909,129,739,119,817,845,6,847,539,439,400,906,751,375,209,451,912,935,399,194,255,26,529,71,360,515,790,687,655,279,718,379,605,520,168,663,24,278,536,11,370,578,602,724,802,23,150,86,444,264,12,312,491,92,194,289,316,165,572,305,401,869,681,566,77,439,427,341,924,941,964,779,204,756,41,455,640,105,586,748,263,201,632,345,379,736,360,915,616,693,308,213,729,837,103,244,363,623,727,76,499,399,497,21,334,899,141,676,861,39,344,9,300,495,736,580,124,163,104,367,133,392,33,170,205,101,17,890,891,847,886,661,143,528,85,467,55,131,258,887,315,85,22,305,685,886,454,871,672,632,135,377,871,61,926,951,692,57,170,33,914,123,286,871,92,315,871,306,560,82,350,194,119,352,778,908,796,626,26,55,220,951,377,518,945,531,124,172,922,68,211,623,302,935,845,832,861,122,731,41,500,472,520,240,773,324,957,338,272,956,25,646,903,371,396,844,698,820,447,479,43,698,367,408,628,23,195,739,664,253,613,803,887,944,312,820,121,174,436,476,475,136,447,263,731,761,62,698,84,137,84,520,833,24,367,663,171,588,312,643,368,801,815,518,637,186,867,22,167,208,22,357,215,616,76,279,816,483,565,164,735,179,357,707,949,773,885,561,719,296,50,427,272,41,683,66,488,238,775,705,872,602,660,136,427,241,200,6,22,13,345,501,891,186,125,456,400,845,37,456,244,667,645,476,584,623,213,157,396,903,258,225,157,554,439,139,361,23,188,908,916,157,960,99,758,21,637,341,334,75,446,215,766,676,848,776,229,222,462,393,401,315,330,222,187,101,561,565,201,479,929,485,272,187,632,448,598,168,279,95,497,431,235,921,202,220,556,21,693,306,739,1,654,925,186,213,676,100,155,923,697,159,118,185,939,885,613,656,642,71,425,239,363,24,316,903,774,504,878,368,618,341,291,371,250,497,555,102,202,352,947,133,315,93,604,418,718,540,165,492,445,697,847,680,874,305,117,573,174,520,743,407,474,740,479,122,731,111,34,364,556,577,200,607,898,446,780,888,150,912,291,692,778,944,145,99,774,851,8,528,621,714,537,641,613,104,175,732,539,297,344,764,823,48,709,714,542,371,494,141,756,908,76,125,665,858,773,206,655,253,851,48,3,558,765,590,751,179,574,517,408,526,843,654,931,145,47,396,29,447,134,536,598,3,395,360,350,175,602,496,320,16,52,53,648,147,65,767,46,88,88,252,481,932,346,67,88,353,183,237,767,243,142,32,562,112,635,197,249,627,128,178,346,404,404,161,54,112,73,381,78,158,284,910,627,142,544,522,237,16,31,184,522,712,544,243,326,45,128,788,243,45,635,346,567,158,16,481,236,53,128,226,112,19,902,97,564,14,181,97,97,534,176,74,181,493,772,181,15,532,772,532,875,493,384,416,176,182,546,56,299,314,74,620,875,875,534,176
